"","mean","se_mean","sd","2.5%","25%","50%","75%","97.5%","n_eff","Rhat"
"shape1[1]",3.11,0.01,0.44,2.33,2.8,3.08,3.39,4.07,7787.19,1
"shape1[2]",2.79,0.01,0.67,2.02,2.25,2.61,3.18,4.42,7169.18,1
"shape1[3]",2.23,0,0.24,2.01,2.07,2.16,2.32,2.84,10122.95,1
"shape1[4]",2.64,0,0.4,2.05,2.34,2.59,2.88,3.55,7234.13,1
"shape1[5]",2.53,0,0.35,2.04,2.27,2.48,2.73,3.34,7842.08,1
"shape1[6]",2.5,0,0.36,2.03,2.23,2.43,2.7,3.35,9668.04,1
"shape1[7]",2.22,0,0.19,2.01,2.07,2.17,2.31,2.7,10949.22,1
"shape1[8]",3.37,0.01,0.56,2.3,2.98,3.36,3.74,4.54,7117.67,1
"shape1[9]",2.35,0,0.27,2.02,2.15,2.3,2.5,2.98,8203.87,1
"shape1[10]",2.46,0,0.31,2.03,2.23,2.42,2.64,3.18,6981.73,1
"shape1[11]",2.17,0,0.16,2.01,2.05,2.13,2.24,2.59,8947.01,1
"shape1[12]",2.39,0,0.31,2.02,2.16,2.33,2.55,3.14,10240.42,1
"shape1[13]",2.61,0,0.41,2.05,2.31,2.54,2.83,3.6,7822.57,1
"shape1[14]",3.38,0.01,0.52,2.35,3.02,3.38,3.73,4.42,5437.29,1
"shape1[15]",2.33,0,0.27,2.01,2.13,2.27,2.47,2.99,9526.51,1
"shape1[16]",2.49,0,0.33,2.03,2.24,2.44,2.68,3.26,7918.99,1
"shape1[17]",2.49,0,0.34,2.03,2.23,2.44,2.69,3.28,7672.6,1
"shape1[18]",2.73,0.01,0.47,2.07,2.38,2.66,2.99,3.85,8524.34,1
"shape2[1]",2.86,0.01,0.59,2.05,2.4,2.77,3.21,4.24,6076.22,1
"shape2[2]",3.04,0.01,0.7,2.07,2.5,2.91,3.44,4.71,7533.01,1
"shape2[3]",3.04,0.01,0.64,2.1,2.58,2.94,3.4,4.55,7286.17,1
"shape2[4]",3.02,0.01,0.64,2.08,2.53,2.92,3.4,4.53,6549.46,1
"shape2[5]",4,0.01,0.85,2.46,3.41,3.96,4.55,5.77,8803.48,1
"shape2[6]",3.09,0.01,0.68,2.09,2.57,2.99,3.5,4.66,7576.64,1
"shape2[7]",3.75,0.01,0.64,2.63,3.3,3.71,4.16,5.12,8180.6,1
"shape2[8]",3.5,0.01,0.83,2.14,2.87,3.44,4.03,5.29,7433.86,1
"shape2[9]",3.56,0.01,0.71,2.32,3.06,3.51,4.01,5.1,8362.35,1
"shape2[10]",2.87,0.01,0.56,2.07,2.45,2.78,3.2,4.18,6797.06,1
"shape2[11]",3.97,0.01,0.66,2.77,3.51,3.92,4.38,5.4,7821.42,1
"shape2[12]",3.63,0.01,0.78,2.27,3.07,3.57,4.14,5.29,8932.08,1
"shape2[13]",2.57,0.01,0.55,2.01,2.17,2.4,2.8,4.03,7692.12,1
"shape2[14]",3.75,0.01,0.85,2.24,3.12,3.7,4.31,5.53,5924.98,1
"shape2[15]",3.2,0.01,0.66,2.16,2.7,3.11,3.6,4.72,7744.85,1
"shape2[16]",3.26,0.01,0.71,2.16,2.72,3.18,3.7,4.85,8134.8,1
"shape2[17]",3.58,0.01,0.76,2.29,3.04,3.53,4.07,5.19,7124.38,1
"shape2[18]",2.78,0.01,0.59,2.03,2.33,2.66,3.1,4.21,7076.65,1
"stretch[1]",1.05,0,0.22,0.63,0.9,1.04,1.19,1.5,8006.36,1
"stretch[2]",0.97,0.01,0.46,0.27,0.63,0.9,1.24,2.01,5927.42,1
"stretch[3]",1.18,0,0.29,0.63,1,1.18,1.37,1.78,9309.81,1
"stretch[4]",1.6,0.01,0.38,0.81,1.37,1.62,1.86,2.33,4391.62,1
"stretch[5]",1.33,0,0.33,0.7,1.11,1.32,1.53,2.03,7049.19,1
"stretch[6]",1.08,0,0.26,0.59,0.91,1.07,1.25,1.64,10151.68,1
"stretch[7]",1.24,0,0.24,0.77,1.07,1.23,1.39,1.74,9685.4,1
"stretch[8]",0.75,0,0.17,0.44,0.64,0.74,0.86,1.13,9411.93,1
"stretch[9]",1.08,0,0.25,0.6,0.91,1.08,1.24,1.6,5677.49,1
"stretch[10]",1.45,0,0.25,0.95,1.29,1.45,1.61,1.98,10309.62,1
"stretch[11]",1.25,0,0.28,0.72,1.07,1.24,1.41,1.83,7350.21,1
"stretch[12]",0.92,0,0.25,0.47,0.75,0.9,1.07,1.46,10012.66,1
"stretch[13]",1.32,0,0.33,0.67,1.11,1.32,1.53,1.96,8600.71,1
"stretch[14]",0.85,0,0.17,0.51,0.74,0.84,0.95,1.21,6029.01,1
"stretch[15]",1.15,0,0.21,0.75,1.02,1.14,1.28,1.59,8894.92,1
"stretch[16]",0.93,0,0.2,0.55,0.8,0.92,1.05,1.35,9404.13,1
"stretch[17]",1.25,0,0.31,0.63,1.05,1.26,1.45,1.85,6067,1
"stretch[18]",0.96,0,0.26,0.46,0.79,0.95,1.13,1.5,7873.25,1
"min_max[1,1]",-21.06,0.02,1.26,-23.54,-21.9,-21.07,-20.21,-18.61,2590.94,1
"min_max[1,2]",18.09,0.02,1.11,16.04,17.32,18.03,18.81,20.42,5066.75,1
"min_max[2,1]",-21.41,0.02,1.25,-23.85,-22.24,-21.43,-20.58,-18.9,2638.18,1
"min_max[2,2]",18.13,0.02,1.17,15.9,17.33,18.11,18.92,20.46,5159.44,1
"min_max[3,1]",-21.82,0.02,1.14,-24.09,-22.59,-21.82,-21.04,-19.63,3244.76,1
"min_max[3,2]",18.18,0.02,1.16,15.99,17.39,18.16,18.96,20.51,4542.59,1
"min_max[4,1]",-21.2,0.02,1.24,-23.68,-22.02,-21.19,-20.36,-18.8,2892.47,1
"min_max[4,2]",18.08,0.02,1.14,15.96,17.28,18.04,18.84,20.42,4992.23,1
"min_max[5,1]",-21.14,0.02,1.24,-23.59,-21.97,-21.13,-20.29,-18.71,2796.88,1
"min_max[5,2]",17.75,0.02,1.2,15.41,16.94,17.75,18.57,20.15,5298.04,1
"min_max[6,1]",-21.24,0.02,1.23,-23.72,-22.06,-21.21,-20.39,-18.87,2803.58,1
"min_max[6,2]",18.12,0.02,1.16,15.9,17.34,18.12,18.89,20.44,5386.6,1
"min_max[7,1]",-21.82,0.02,1.07,-24.03,-22.51,-21.78,-21.08,-19.83,2999.27,1
"min_max[7,2]",17.87,0.02,1.21,15.52,17.07,17.85,18.68,20.26,4760.52,1
"min_max[8,1]",-20.98,0.02,1.24,-23.41,-21.82,-20.98,-20.14,-18.58,2741.62,1
"min_max[8,2]",17.85,0.02,1.18,15.57,17.06,17.84,18.62,20.21,4419.7,1
"min_max[9,1]",-21.2,0.02,1.22,-23.63,-22.01,-21.18,-20.36,-18.88,2539.08,1
"min_max[9,2]",17.94,0.02,1.2,15.68,17.11,17.93,18.75,20.33,5147.73,1
"min_max[10,1]",-21.11,0.02,1.25,-23.57,-21.95,-21.1,-20.23,-18.68,2871.97,1
"min_max[10,2]",18.18,0.02,1.14,16.05,17.39,18.13,18.93,20.48,5280.37,1
"min_max[11,1]",-21.94,0.02,1.07,-24.09,-22.66,-21.93,-21.21,-19.91,2989.23,1
"min_max[11,2]",17.84,0.02,1.21,15.49,17.03,17.82,18.65,20.3,5169.59,1
"min_max[12,1]",-21.18,0.02,1.23,-23.67,-22.02,-21.17,-20.33,-18.89,2590.3,1
"min_max[12,2]",17.94,0.02,1.21,15.61,17.12,17.91,18.74,20.35,5233.11,1
"min_max[13,1]",-21.19,0.02,1.23,-23.59,-22.02,-21.17,-20.35,-18.79,2593.42,1
"min_max[13,2]",19.02,0.02,1.12,16.48,18.37,19.06,19.73,21.09,4744.07,1
"min_max[14,1]",-20.96,0.02,1.24,-23.4,-21.8,-20.93,-20.11,-18.56,2815.99,1
"min_max[14,2]",17.7,0.02,1.18,15.38,16.92,17.68,18.49,20.04,4491.52,1
"min_max[15,1]",-21.43,0.02,1.2,-23.8,-22.23,-21.42,-20.63,-19.11,2599.15,1
"min_max[15,2]",18.02,0.02,1.17,15.79,17.21,17.99,18.79,20.35,4444.2,1
"min_max[16,1]",-21.18,0.02,1.23,-23.64,-22.02,-21.16,-20.35,-18.81,2684.71,1
"min_max[16,2]",18.08,0.02,1.19,15.74,17.27,18.06,18.88,20.47,4563.75,1
"min_max[17,1]",-21.23,0.02,1.23,-23.66,-22.07,-21.24,-20.38,-18.82,2640.53,1
"min_max[17,2]",17.88,0.02,1.18,15.57,17.08,17.87,18.67,20.18,4853.86,1
"min_max[18,1]",-21.22,0.02,1.2,-23.6,-22.03,-21.2,-20.41,-18.88,2343.59,1
"min_max[18,2]",18.2,0.02,1.14,16.05,17.39,18.16,18.95,20.54,5232.8,1
"nu[1]",3.31,0.01,0.91,1.82,2.66,3.19,3.87,5.35,8599.29,1
"nu[2]",1.7,0.01,0.58,0.84,1.3,1.6,1.98,3.16,4831.21,1
"nu[3]",2.29,0.01,0.6,1.23,1.86,2.25,2.67,3.55,7476.79,1
"nu[4]",3.14,0.02,1.14,1.34,2.29,3.01,3.88,5.67,5499.2,1
"nu[5]",2.95,0.01,0.95,1.32,2.28,2.88,3.52,5.02,8493.31,1
"nu[6]",2.63,0.01,0.71,1.43,2.14,2.57,3.03,4.21,10143.25,1
"nu[7]",2.59,0.01,0.57,1.55,2.19,2.57,2.97,3.77,9602.84,1
"nu[8]",3.85,0.01,1.2,1.95,2.99,3.71,4.56,6.66,8826.5,1
"nu[9]",2.89,0.01,0.79,1.57,2.33,2.8,3.37,4.64,5664.85,1
"nu[10]",2.87,0.01,0.64,1.7,2.43,2.83,3.29,4.22,11410.43,1
"nu[11]",3.08,0.01,0.8,1.64,2.52,3.04,3.59,4.75,6529.41,1
"nu[12]",2.78,0.01,0.77,1.47,2.24,2.71,3.25,4.49,10909.65,1
"nu[13]",2.2,0.01,0.67,1.08,1.71,2.15,2.62,3.64,6701.54,1
"nu[14]",5.03,0.02,1.86,2.13,3.62,4.76,6.19,9.24,6219.48,1
"nu[15]",3.64,0.01,0.98,1.86,2.95,3.57,4.27,5.67,9495.44,1
"nu[16]",2.92,0.01,0.69,1.7,2.44,2.88,3.35,4.41,10725.48,1
"nu[17]",3.65,0.02,1.51,1.48,2.54,3.39,4.51,7.25,5936.52,1
"nu[18]",2.31,0.01,0.57,1.29,1.91,2.28,2.66,3.5,8596.71,1
"mu_shape1",2.68,0,0.25,2.18,2.51,2.67,2.85,3.18,10720.4,1
"mu_shape2",3.34,0,0.33,2.71,3.11,3.33,3.56,4.02,4588.49,1
"mu_stretch",1.07,0,0.24,0.6,0.91,1.08,1.23,1.55,12219.07,1
"mu_min",-21.12,0.02,0.75,-22.63,-21.62,-21.1,-20.6,-19.7,1277.38,1
"mu_max",17.99,0.01,0.71,16.66,17.5,17.96,18.46,19.44,2294.07,1
"mu_nu",0.72,0,0.14,0.49,0.63,0.71,0.81,1.02,6898.84,1
"mu_beta0",1.55,0.02,0.78,0.03,1.02,1.55,2.07,3.1,1195.24,1
"mu_beta1",0.87,0.02,0.6,-0.24,0.45,0.84,1.24,2.14,1191.21,1
"beta_0[1]",1.58,0.02,1.18,-0.76,0.8,1.58,2.37,3.91,2722.1,1
"beta_0[2]",1.43,0.02,1.15,-0.68,0.63,1.39,2.18,3.82,2665.13,1
"beta_0[3]",1.84,0.02,1.18,-0.41,1.03,1.82,2.62,4.2,2262.07,1
"beta_0[4]",1.5,0.02,1.18,-0.78,0.69,1.48,2.3,3.82,2257.72,1
"beta_0[5]",1.43,0.03,1.31,-1.13,0.55,1.42,2.31,4.01,2554.3,1
"beta_0[6]",1.56,0.03,1.23,-0.83,0.69,1.55,2.4,4,2321.12,1
"beta_0[7]",1.81,0.03,1.24,-0.55,0.95,1.79,2.64,4.25,2263.88,1
"beta_0[8]",1.56,0.02,1.21,-0.79,0.76,1.54,2.37,3.96,2523.29,1
"beta_0[9]",1.58,0.02,1.19,-0.69,0.76,1.56,2.37,3.97,2352.62,1
"beta_0[10]",1.71,0.03,1.25,-0.7,0.85,1.71,2.57,4.18,2201.33,1
"beta_0[11]",1.8,0.02,1.2,-0.52,0.99,1.8,2.63,4.16,2465.11,1
"beta_0[12]",1.55,0.03,1.22,-0.75,0.71,1.53,2.36,3.96,2323.48,1
"beta_0[13]",1.81,0.02,1.18,-0.47,1,1.78,2.59,4.18,2358.92,1
"beta_0[14]",1.47,0.02,1.14,-0.78,0.72,1.45,2.21,3.77,2385.79,1
"beta_0[15]",1.92,0.02,1.2,-0.34,1.11,1.9,2.73,4.33,2393.41,1
"beta_0[16]",1.77,0.02,1.19,-0.52,0.97,1.76,2.56,4.1,2342.69,1
"beta_0[17]",1.39,0.02,1.21,-0.92,0.57,1.37,2.19,3.8,2541.12,1
"beta_0[18]",1.65,0.02,1.22,-0.68,0.81,1.62,2.47,4.13,2493.86,1
"beta_1[1]",0.68,0.02,1.05,-1.09,-0.07,0.55,1.33,3.02,2622.13,1
"beta_1[2]",0.62,0.02,1.13,-1.28,-0.21,0.49,1.35,3.05,2908.13,1
"beta_1[3]",1.28,0.02,1,-0.54,0.58,1.24,1.93,3.37,2826.94,1
"beta_1[4]",-0.04,0.02,0.89,-1.31,-0.6,-0.19,0.3,2.42,1967.61,1
"beta_1[5]",0.97,0.02,0.97,-0.72,0.28,0.9,1.59,3.05,2919.16,1
"beta_1[6]",1.06,0.02,1.01,-0.74,0.36,1,1.71,3.23,2874.97,1
"beta_1[7]",1.39,0.02,0.96,-0.4,0.72,1.36,2.02,3.36,2805.12,1
"beta_1[8]",0.8,0.02,1.06,-1.16,0.06,0.75,1.49,3,2752.56,1
"beta_1[9]",0.68,0.02,1.09,-1.2,-0.09,0.57,1.36,3.06,2409.63,1
"beta_1[10]",1.36,0.02,0.93,-0.29,0.71,1.3,1.96,3.32,2936.59,1
"beta_1[11]",1.3,0.02,0.99,-0.51,0.6,1.25,1.96,3.32,2980.51,1
"beta_1[12]",0.91,0.02,1.05,-0.96,0.17,0.86,1.59,3.13,2766.6,1
"beta_1[13]",1.19,0.02,1.03,-0.68,0.46,1.13,1.86,3.32,3205.36,1
"beta_1[14]",0.44,0.02,1.02,-1.32,-0.27,0.34,1.05,2.77,2562.39,1
"beta_1[15]",1.35,0.02,0.99,-0.49,0.66,1.31,2.01,3.37,3106.49,1
"beta_1[16]",1.17,0.02,1.02,-0.71,0.47,1.11,1.85,3.28,3021.87,1
"beta_1[17]",0.32,0.02,1.03,-1.33,-0.4,0.16,0.87,2.82,2215.41,1
"beta_1[18]",1.09,0.02,1.05,-0.81,0.35,1.05,1.79,3.25,3249.15,1
"x_min[1]",-21.06,0.02,1.26,-23.54,-21.9,-21.07,-20.21,-18.61,2590.94,1
"x_min[2]",-21.41,0.02,1.25,-23.85,-22.24,-21.43,-20.58,-18.9,2638.18,1
"x_min[3]",-21.82,0.02,1.14,-24.09,-22.59,-21.82,-21.04,-19.63,3244.76,1
"x_min[4]",-21.2,0.02,1.24,-23.68,-22.02,-21.19,-20.36,-18.8,2892.47,1
"x_min[5]",-21.14,0.02,1.24,-23.59,-21.97,-21.13,-20.29,-18.71,2796.88,1
"x_min[6]",-21.24,0.02,1.23,-23.72,-22.06,-21.21,-20.39,-18.87,2803.58,1
"x_min[7]",-21.82,0.02,1.07,-24.03,-22.51,-21.78,-21.08,-19.83,2999.27,1
"x_min[8]",-20.98,0.02,1.24,-23.41,-21.82,-20.98,-20.14,-18.58,2741.62,1
"x_min[9]",-21.2,0.02,1.22,-23.63,-22.01,-21.18,-20.36,-18.88,2539.08,1
"x_min[10]",-21.11,0.02,1.25,-23.57,-21.95,-21.1,-20.23,-18.68,2871.97,1
"x_min[11]",-21.94,0.02,1.07,-24.09,-22.66,-21.93,-21.21,-19.91,2989.23,1
"x_min[12]",-21.18,0.02,1.23,-23.67,-22.02,-21.17,-20.33,-18.89,2590.3,1
"x_min[13]",-21.19,0.02,1.23,-23.59,-22.02,-21.17,-20.35,-18.79,2593.42,1
"x_min[14]",-20.96,0.02,1.24,-23.4,-21.8,-20.93,-20.11,-18.56,2815.99,1
"x_min[15]",-21.43,0.02,1.2,-23.8,-22.23,-21.42,-20.63,-19.11,2599.15,1
"x_min[16]",-21.18,0.02,1.23,-23.64,-22.02,-21.16,-20.35,-18.81,2684.71,1
"x_min[17]",-21.23,0.02,1.23,-23.66,-22.07,-21.24,-20.38,-18.82,2640.53,1
"x_min[18]",-21.22,0.02,1.2,-23.6,-22.03,-21.2,-20.41,-18.88,2343.59,1
"x_max[1]",18.09,0.02,1.11,16.04,17.32,18.03,18.81,20.42,5066.75,1
"x_max[2]",18.13,0.02,1.17,15.9,17.33,18.11,18.92,20.46,5159.44,1
"x_max[3]",18.18,0.02,1.16,15.99,17.39,18.16,18.96,20.51,4542.59,1
"x_max[4]",18.08,0.02,1.14,15.96,17.28,18.04,18.84,20.42,4992.23,1
"x_max[5]",17.75,0.02,1.2,15.41,16.94,17.75,18.57,20.15,5298.04,1
"x_max[6]",18.12,0.02,1.16,15.9,17.34,18.12,18.89,20.44,5386.6,1
"x_max[7]",17.87,0.02,1.21,15.52,17.07,17.85,18.68,20.26,4760.52,1
"x_max[8]",17.85,0.02,1.18,15.57,17.06,17.84,18.62,20.21,4419.7,1
"x_max[9]",17.94,0.02,1.2,15.68,17.11,17.93,18.75,20.33,5147.73,1
"x_max[10]",18.18,0.02,1.14,16.05,17.39,18.13,18.93,20.48,5280.37,1
"x_max[11]",17.84,0.02,1.21,15.49,17.03,17.82,18.65,20.3,5169.59,1
"x_max[12]",17.94,0.02,1.21,15.61,17.12,17.91,18.74,20.35,5233.11,1
"x_max[13]",19.02,0.02,1.12,16.48,18.37,19.06,19.73,21.09,4744.07,1
"x_max[14]",17.7,0.02,1.18,15.38,16.92,17.68,18.49,20.04,4491.52,1
"x_max[15]",18.02,0.02,1.17,15.79,17.21,17.99,18.79,20.35,4444.2,1
"x_max[16]",18.08,0.02,1.19,15.74,17.27,18.06,18.88,20.47,4563.75,1
"x_max[17]",17.88,0.02,1.18,15.57,17.08,17.87,18.67,20.18,4853.86,1
"x_max[18]",18.2,0.02,1.14,16.05,17.39,18.16,18.95,20.54,5232.8,1
"mu[1]",0.06,0,0.05,0,0.02,0.04,0.07,0.2,6378.06,1
"mu[2]",0.06,0,0.05,0,0.02,0.04,0.07,0.2,6378.06,1
"mu[3]",0.34,0,0.16,0.1,0.23,0.32,0.43,0.7,8760.16,1
"mu[4]",0.34,0,0.16,0.1,0.23,0.32,0.43,0.7,8760.16,1
"mu[5]",0.86,0,0.25,0.4,0.69,0.85,1.01,1.38,10140.7,1
"mu[6]",0.86,0,0.25,0.4,0.69,0.85,1.01,1.38,10140.7,1
"mu[7]",1.5,0,0.35,0.85,1.27,1.49,1.71,2.23,9829.59,1
"mu[8]",1.5,0,0.35,0.85,1.27,1.49,1.71,2.23,9829.59,1
"mu[9]",2.02,0,0.46,1.19,1.71,1.99,2.29,3.01,9241.5,1
"mu[10]",2.02,0,0.46,1.19,1.71,1.99,2.29,3.01,9241.5,1
"mu[11]",2.03,0.01,0.49,1.17,1.71,2,2.32,3.08,9376.59,1
"mu[12]",2.03,0.01,0.49,1.17,1.71,2,2.32,3.08,9376.59,1
"mu[13]",1.25,0,0.36,0.62,1.01,1.23,1.47,2.03,9533.88,1
"mu[14]",1.25,0,0.36,0.62,1.01,1.23,1.47,2.03,9533.88,1
"mu[15]",0.12,0,0.13,0,0.01,0.08,0.17,0.46,8233.68,1
"mu[16]",0.12,0,0.13,0,0.01,0.08,0.17,0.46,8233.68,1
"mu[17]",0.22,0,0.25,0,0.02,0.12,0.34,0.87,4418,1
"mu[18]",0.22,0,0.25,0,0.02,0.12,0.34,0.87,4418,1
"mu[19]",0.65,0.01,0.56,0.03,0.2,0.51,0.98,2,4949.27,1
"mu[20]",1.15,0.01,0.77,0.14,0.53,0.99,1.61,2.98,5444.85,1
"mu[21]",1.56,0.01,0.84,0.34,0.92,1.42,2.05,3.5,6057.82,1
"mu[22]",1.56,0.01,0.84,0.34,0.92,1.42,2.05,3.5,6057.82,1
"mu[23]",1.73,0.01,0.76,0.5,1.17,1.63,2.19,3.45,6844.77,1
"mu[24]",1.73,0.01,0.76,0.5,1.17,1.63,2.19,3.45,6844.77,1
"mu[25]",1.48,0.01,0.61,0.43,1.05,1.43,1.85,2.82,8039,1
"mu[26]",1.48,0.01,0.61,0.43,1.05,1.43,1.85,2.82,8039,1
"mu[27]",0.8,0,0.41,0.14,0.51,0.76,1.04,1.73,9586.9,1
"mu[28]",0.8,0,0.41,0.14,0.51,0.76,1.04,1.73,9586.9,1
"mu[29]",0.08,0,0.12,0,0,0.03,0.11,0.41,7280.97,1
"mu[30]",0.08,0,0.12,0,0,0.03,0.11,0.41,7280.97,1
"mu[31]",0.46,0,0.21,0.08,0.31,0.45,0.59,0.88,5994.2,1
"mu[32]",0.46,0,0.21,0.08,0.31,0.45,0.59,0.88,5994.2,1
"mu[33]",1.16,0,0.35,0.45,0.93,1.15,1.38,1.86,8821.08,1
"mu[34]",1.16,0,0.35,0.45,0.93,1.15,1.38,1.86,8821.08,1
"mu[35]",1.74,0,0.46,0.85,1.45,1.73,2.03,2.69,9413.56,1
"mu[36]",1.74,0,0.46,0.85,1.45,1.73,2.03,2.69,9413.56,1
"mu[37]",2.04,0.01,0.5,1.09,1.71,2.02,2.35,3.11,9799.72,1
"mu[38]",2.04,0.01,0.5,1.09,1.71,2.02,2.35,3.11,9799.72,1
"mu[39]",1.93,0,0.5,0.99,1.61,1.91,2.23,3,10313.48,1
"mu[40]",1.93,0,0.5,0.99,1.61,1.91,2.23,3,10313.48,1
"mu[41]",1.42,0,0.45,0.58,1.12,1.4,1.69,2.36,10067.23,1
"mu[42]",1.42,0,0.45,0.58,1.12,1.4,1.69,2.36,10067.23,1
"mu[43]",0.66,0,0.32,0.13,0.43,0.63,0.86,1.36,8682.92,1
"mu[44]",0.06,0,0.08,0,0,0.03,0.08,0.29,7307.82,1
"mu[45]",0.06,0,0.08,0,0,0.03,0.08,0.29,7307.82,1
"mu[46]",0.24,0,0.17,0.02,0.11,0.2,0.33,0.66,6067.78,1
"mu[47]",0.95,0,0.36,0.31,0.7,0.94,1.19,1.71,7650.44,1
"mu[48]",0.95,0,0.36,0.31,0.7,0.94,1.19,1.71,7650.44,1
"mu[49]",1.86,0.01,0.51,0.84,1.53,1.87,2.2,2.86,6292.46,1
"mu[50]",2.66,0.01,0.67,1.31,2.24,2.67,3.08,4,5116.75,1
"mu[51]",2.66,0.01,0.67,1.31,2.24,2.67,3.08,4,5116.75,1
"mu[52]",2.98,0.01,0.78,1.47,2.49,2.96,3.45,4.61,4905.55,1
"mu[53]",2.98,0.01,0.78,1.47,2.49,2.96,3.45,4.61,4905.55,1
"mu[54]",2.51,0.01,0.69,1.16,2.07,2.49,2.92,3.95,5189.58,1
"mu[55]",2.51,0.01,0.69,1.16,2.07,2.49,2.92,3.95,5189.58,1
"mu[56]",1.26,0,0.42,0.46,1,1.26,1.52,2.12,6964.72,1
"mu[57]",1.26,0,0.42,0.46,1,1.26,1.52,2.12,6964.72,1
"mu[58]",0.09,0,0.12,0,0.01,0.05,0.13,0.4,7001.65,1
"mu[59]",0.09,0,0.12,0,0.01,0.05,0.13,0.4,7001.65,1
"mu[60]",0.32,0,0.23,0.02,0.16,0.27,0.44,0.89,6392.29,1
"mu[61]",1.18,0.01,0.48,0.36,0.86,1.14,1.46,2.23,9244.55,1
"mu[62]",2.53,0.01,0.66,1.29,2.1,2.51,2.94,3.89,7448.15,1
"mu[63]",2.53,0.01,0.66,1.29,2.1,2.51,2.94,3.89,7448.15,1
"mu[64]",2.3,0.01,0.64,1.19,1.87,2.25,2.67,3.72,7900.59,1
"mu[65]",1.44,0.01,0.6,0.59,1.03,1.34,1.74,2.85,8679.31,1
"mu[66]",0.47,0,0.39,0.06,0.21,0.37,0.6,1.44,6890.19,1
"mu[67]",0.02,0,0.06,0,0,0,0.01,0.16,7145.59,1
"mu[68]",0.02,0,0.06,0,0,0,0.01,0.16,7145.59,1
"mu[69]",0.22,0,0.14,0.02,0.11,0.19,0.3,0.57,6498.09,1
"mu[70]",0.77,0,0.27,0.28,0.58,0.75,0.94,1.37,10174.72,1
"mu[71]",0.77,0,0.27,0.28,0.58,0.75,0.94,1.37,10174.72,1
"mu[72]",1.38,0,0.37,0.7,1.14,1.36,1.61,2.15,10827.22,1
"mu[73]",1.38,0,0.37,0.7,1.14,1.36,1.61,2.15,10827.22,1
"mu[74]",1.85,0,0.45,1.01,1.55,1.82,2.12,2.82,10656.02,1
"mu[75]",1.85,0,0.45,1.01,1.55,1.82,2.12,2.82,10656.02,1
"mu[76]",1.94,0,0.52,1.03,1.6,1.91,2.24,3.11,10987.98,1
"mu[77]",1.94,0,0.52,1.03,1.6,1.91,2.24,3.11,10987.98,1
"mu[78]",1.55,0,0.49,0.67,1.22,1.52,1.83,2.64,11968.42,1
"mu[79]",0.75,0,0.35,0.18,0.51,0.72,0.96,1.53,11004.13,1
"mu[80]",0.75,0,0.35,0.18,0.51,0.72,0.96,1.53,11004.13,1
"mu[81]",0.06,0,0.09,0,0,0.03,0.09,0.31,9720.51,1
"mu[82]",0.06,0,0.09,0,0,0.03,0.09,0.31,9720.51,1
"mu[83]",0.59,0,0.23,0.17,0.43,0.58,0.74,1.08,6842.27,1
"mu[84]",0.59,0,0.23,0.17,0.43,0.58,0.74,1.08,6842.27,1
"mu[85]",1.48,0,0.39,0.74,1.22,1.47,1.73,2.29,9535.99,1
"mu[86]",1.48,0,0.39,0.74,1.22,1.47,1.73,2.29,9535.99,1
"mu[87]",2.13,0,0.48,1.24,1.8,2.1,2.42,3.14,9533.9,1
"mu[88]",2.13,0,0.48,1.24,1.8,2.1,2.42,3.14,9533.9,1
"mu[89]",2.28,0,0.47,1.43,1.97,2.25,2.57,3.29,9892.24,1
"mu[90]",2.28,0,0.47,1.43,1.97,2.25,2.57,3.29,9892.24,1
"mu[91]",1.87,0,0.4,1.15,1.61,1.85,2.12,2.72,11784.6,1
"mu[92]",1.87,0,0.4,1.15,1.61,1.85,2.12,2.72,11784.6,1
"mu[93]",1.09,0,0.31,0.55,0.88,1.07,1.27,1.77,12031.8,1
"mu[94]",1.09,0,0.31,0.55,0.88,1.07,1.27,1.77,12031.8,1
"mu[95]",0.34,0,0.18,0.08,0.21,0.3,0.43,0.79,8405.15,1
"mu[96]",0.34,0,0.18,0.08,0.21,0.3,0.43,0.79,8405.15,1
"mu[97]",0.01,0,0.02,0,0,0,0.01,0.08,7915.74,1
"mu[98]",0.01,0,0.02,0,0,0,0.01,0.08,7915.74,1
"mu[99]",0.04,0,0.06,0,0.01,0.02,0.04,0.2,4950.46,1
"mu[100]",0.24,0,0.17,0.05,0.12,0.19,0.3,0.68,6335.41,1
"mu[101]",0.62,0,0.26,0.24,0.44,0.58,0.76,1.24,9028.72,1
"mu[102]",1.13,0,0.29,0.62,0.94,1.11,1.3,1.79,11243.52,1
"mu[103]",1.13,0,0.29,0.62,0.94,1.11,1.3,1.79,11243.52,1
"mu[104]",1.53,0,0.34,0.88,1.31,1.53,1.74,2.27,10301.47,1
"mu[105]",1.53,0,0.34,0.88,1.31,1.53,1.74,2.27,10301.47,1
"mu[106]",1.47,0,0.46,0.69,1.15,1.43,1.73,2.5,9315.56,1
"mu[107]",1.47,0,0.46,0.69,1.15,1.43,1.73,2.5,9315.56,1
"mu[108]",0.05,0,0.1,0,0,0.01,0.05,0.29,7460.03,1
"mu[109]",0.05,0,0.1,0,0,0.01,0.05,0.29,7460.03,1
"mu[110]",0.31,0,0.16,0.05,0.19,0.29,0.4,0.68,5326.29,1
"mu[111]",0.31,0,0.16,0.05,0.19,0.29,0.4,0.68,5326.29,1
"mu[112]",1.01,0,0.3,0.46,0.81,1,1.19,1.63,7708.77,1
"mu[113]",1.01,0,0.3,0.46,0.81,1,1.19,1.63,7708.77,1
"mu[114]",1.66,0.01,0.42,0.88,1.38,1.65,1.93,2.53,6575.35,1
"mu[115]",1.66,0.01,0.42,0.88,1.38,1.65,1.93,2.53,6575.35,1
"mu[116]",1.99,0.01,0.5,1.1,1.66,1.97,2.29,3.03,6049.87,1
"mu[117]",1.99,0.01,0.5,1.1,1.66,1.97,2.29,3.03,6049.87,1
"mu[118]",1.82,0.01,0.47,0.99,1.5,1.79,2.1,2.84,6864.94,1
"mu[119]",1.82,0.01,0.47,0.99,1.5,1.79,2.1,2.84,6864.94,1
"mu[120]",1.19,0,0.38,0.55,0.94,1.16,1.41,2.04,9226.39,1
"mu[121]",1.19,0,0.38,0.55,0.94,1.16,1.41,2.04,9226.39,1
"mu[122]",0.43,0,0.24,0.1,0.26,0.38,0.56,1.03,8091.34,1
"mu[123]",0.02,0,0.04,0,0,0,0.02,0.15,8241.59,1
"mu[124]",0.02,0,0.04,0,0,0,0.02,0.15,8241.59,1
"mu[125]",0.26,0,0.15,0.04,0.15,0.24,0.35,0.61,6600.68,1
"mu[126]",0.26,0,0.15,0.04,0.15,0.24,0.35,0.61,6600.68,1
"mu[127]",0.98,0,0.27,0.48,0.79,0.96,1.15,1.54,11220.6,1
"mu[128]",0.98,0,0.27,0.48,0.79,0.96,1.15,1.54,11220.6,1
"mu[129]",1.78,0,0.36,1.11,1.54,1.77,2,2.52,12130.86,1
"mu[130]",1.78,0,0.36,1.11,1.54,1.77,2,2.52,12130.86,1
"mu[131]",2.41,0,0.45,1.58,2.11,2.38,2.68,3.37,12016.12,1
"mu[132]",2.41,0,0.45,1.58,2.11,2.38,2.68,3.37,12016.12,1
"mu[133]",2.59,0,0.5,1.71,2.27,2.55,2.88,3.7,12313.23,1
"mu[134]",2.59,0,0.5,1.71,2.27,2.55,2.88,3.7,12313.23,1
"mu[135]",2.14,0,0.45,1.34,1.84,2.11,2.4,3.15,12561.03,1
"mu[136]",2.14,0,0.45,1.34,1.84,2.11,2.4,3.15,12561.03,1
"mu[137]",1.11,0,0.32,0.53,0.89,1.1,1.31,1.8,10515.61,1
"mu[138]",1.11,0,0.32,0.53,0.89,1.1,1.31,1.8,10515.61,1
"mu[139]",0.1,0,0.11,0,0.01,0.06,0.15,0.39,8112.63,1
"mu[140]",0.1,0,0.11,0,0.01,0.06,0.15,0.39,8112.63,1
"mu[141]",0.71,0,0.27,0.21,0.52,0.7,0.88,1.3,6177.07,1
"mu[142]",0.71,0,0.27,0.21,0.52,0.7,0.88,1.3,6177.07,1
"mu[143]",1.66,0.01,0.48,0.76,1.35,1.65,1.95,2.66,7719.72,1
"mu[144]",2.3,0.01,0.53,1.34,1.95,2.27,2.61,3.44,7376.95,1
"mu[145]",2.3,0.01,0.53,1.34,1.95,2.27,2.61,3.44,7376.95,1
"mu[146]",1.77,0,0.39,1.06,1.52,1.75,1.99,2.63,8351.47,1
"mu[147]",1.77,0,0.39,1.06,1.52,1.75,1.99,2.63,8351.47,1
"mu[148]",0.94,0,0.27,0.48,0.76,0.92,1.1,1.55,9226.43,1
"mu[149]",0.94,0,0.27,0.48,0.76,0.92,1.1,1.55,9226.43,1
"mu[150]",0.25,0,0.15,0.06,0.15,0.23,0.32,0.62,7309.92,1
"mu[151]",0.25,0,0.15,0.06,0.15,0.23,0.32,0.62,7309.92,1
"mu[152]",0.01,0,0.02,0,0,0,0.01,0.05,6847.69,1
"mu[153]",0.01,0,0.02,0,0,0,0.01,0.05,6847.69,1
"mu[154]",0.26,0,0.16,0.03,0.14,0.23,0.34,0.63,7120.13,1
"mu[155]",0.26,0,0.16,0.03,0.14,0.23,0.34,0.63,7120.13,1
"mu[156]",0.85,0,0.31,0.28,0.64,0.83,1.03,1.52,10921.66,1
"mu[157]",1.4,0,0.42,0.63,1.13,1.38,1.65,2.29,10410.64,1
"mu[158]",1.69,0,0.46,0.85,1.38,1.65,1.96,2.7,9944.95,1
"mu[159]",1.69,0,0.46,0.85,1.38,1.65,1.96,2.7,9944.95,1
"mu[160]",1.55,0,0.47,0.77,1.24,1.51,1.82,2.62,10399.46,1
"mu[161]",1.55,0,0.47,0.77,1.24,1.51,1.82,2.62,10399.46,1
"mu[162]",1.03,0,0.42,0.39,0.74,0.97,1.25,2.02,10411.97,1
"mu[163]",1.03,0,0.42,0.39,0.74,0.97,1.25,2.02,10411.97,1
"mu[164]",0.02,0,0.05,0,0,0,0.02,0.16,7203.62,1
"mu[165]",0.02,0,0.05,0,0,0,0.02,0.16,7203.62,1
"mu[166]",0.18,0,0.13,0.01,0.08,0.15,0.25,0.5,5906.93,1
"mu[167]",0.18,0,0.13,0.01,0.08,0.15,0.25,0.5,5906.93,1
"mu[168]",0.69,0,0.29,0.18,0.48,0.68,0.87,1.28,7990.3,1
"mu[169]",1.33,0,0.4,0.54,1.06,1.33,1.59,2.13,9308.83,1
"mu[170]",1.33,0,0.4,0.54,1.06,1.33,1.59,2.13,9308.83,1
"mu[171]",1.94,0,0.49,0.98,1.63,1.94,2.25,2.92,10354.3,1
"mu[172]",1.94,0,0.49,0.98,1.63,1.94,2.25,2.92,10354.3,1
"mu[173]",2.32,0.01,0.57,1.22,1.95,2.3,2.67,3.5,10088.07,1
"mu[174]",2.32,0.01,0.57,1.22,1.95,2.3,2.67,3.5,10088.07,1
"mu[175]",2.23,0.01,0.62,1.03,1.83,2.21,2.61,3.52,8915.23,1
"mu[176]",2.23,0.01,0.62,1.03,1.83,2.21,2.61,3.52,8915.23,1
"mu[177]",1.54,0.01,0.58,0.41,1.15,1.55,1.91,2.68,7424.88,1
"mu[178]",1.54,0.01,0.58,0.41,1.15,1.55,1.91,2.68,7424.88,1
"mu[179]",0.41,0,0.3,0,0.17,0.39,0.62,1.05,6434.09,1
"mu[180]",0.41,0,0.3,0,0.17,0.39,0.62,1.05,6434.09,1
"mu[181]",0.04,0,0.06,0,0.01,0.02,0.05,0.19,2686.09,1
"mu[182]",0.04,0,0.06,0,0.01,0.02,0.05,0.19,2686.09,1
"mu[183]",0.27,0,0.17,0.07,0.16,0.23,0.34,0.73,4265.59,1
"mu[184]",1.35,0,0.3,0.78,1.16,1.33,1.51,2,9103.19,1
"mu[185]",1.35,0,0.3,0.78,1.16,1.33,1.51,2,9103.19,1
"mu[186]",1.78,0,0.37,1.04,1.55,1.79,2.01,2.5,6059.79,1
"mu[187]",1.78,0,0.37,1.04,1.55,1.79,2.01,2.5,6059.79,1
"mu[188]",1.6,0.01,0.46,0.79,1.28,1.56,1.86,2.63,6740.34,1
"mu[189]",0.72,0,0.4,0.18,0.43,0.63,0.93,1.7,7296.59,1
"mu[190]",0.03,0,0.06,0,0,0,0.03,0.2,8354.79,1
"mu[191]",0.03,0,0.06,0,0,0,0.03,0.2,8354.79,1
"mu[192]",1.03,0,0.31,0.46,0.83,1.02,1.22,1.69,9732.12,1
"mu[193]",1.67,0,0.38,0.97,1.43,1.65,1.89,2.49,10022.38,1
"mu[194]",2.03,0,0.39,1.3,1.78,2.01,2.26,2.87,9635.5,1
"mu[195]",2.03,0,0.39,1.3,1.78,2.01,2.26,2.87,9635.5,1
"mu[196]",1.94,0,0.36,1.28,1.71,1.93,2.15,2.73,10590.48,1
"mu[197]",1.94,0,0.36,1.28,1.71,1.93,2.15,2.73,10590.48,1
"mu[198]",1.4,0,0.33,0.8,1.18,1.37,1.59,2.12,11321.24,1
"mu[199]",1.4,0,0.33,0.8,1.18,1.37,1.59,2.12,11321.24,1
"mu[200]",0.04,0,0.06,0,0,0.01,0.05,0.22,7397.6,1
"mu[201]",0.04,0,0.06,0,0,0.01,0.05,0.22,7397.6,1
"mu[202]",0.19,0,0.12,0.02,0.1,0.17,0.26,0.47,6644.8,1
"mu[203]",0.19,0,0.12,0.02,0.1,0.17,0.26,0.47,6644.8,1
"mu[204]",0.7,0,0.24,0.27,0.54,0.69,0.85,1.2,10370.55,1
"mu[205]",0.7,0,0.24,0.27,0.54,0.69,0.85,1.2,10370.55,1
"mu[206]",1.25,0,0.32,0.65,1.04,1.24,1.44,1.92,10622.05,1
"mu[207]",1.25,0,0.32,0.65,1.04,1.24,1.44,1.92,10622.05,1
"mu[208]",1.64,0,0.37,0.96,1.39,1.62,1.85,2.41,10218.23,1
"mu[209]",1.64,0,0.37,0.96,1.39,1.62,1.85,2.41,10218.23,1
"mu[210]",1.66,0,0.38,0.99,1.41,1.64,1.89,2.5,10902.92,1
"mu[211]",1.66,0,0.38,0.99,1.41,1.64,1.89,2.5,10902.92,1
"mu[212]",1.25,0,0.36,0.64,1.01,1.23,1.46,2.05,12581.85,1
"mu[213]",1.25,0,0.36,0.64,1.01,1.23,1.46,2.05,12581.85,1
"mu[214]",0.56,0,0.27,0.14,0.37,0.53,0.72,1.19,10855.57,1
"mu[215]",0.04,0,0.07,0,0,0.01,0.05,0.24,7470.05,1
"mu[216]",0.29,0,0.19,0.03,0.15,0.26,0.4,0.74,5724.15,1
"mu[217]",1.04,0,0.38,0.32,0.78,1.04,1.29,1.81,6853.18,1
"mu[218]",1.83,0.01,0.54,0.76,1.47,1.84,2.18,2.89,6049.04,1
"mu[219]",1.83,0.01,0.54,0.76,1.47,1.84,2.18,2.89,6049.04,1
"mu[220]",2.31,0.01,0.62,1.1,1.9,2.31,2.69,3.59,5895.12,1
"mu[221]",2.31,0.01,0.62,1.1,1.9,2.31,2.69,3.59,5895.12,1
"mu[222]",1.5,0,0.44,0.72,1.21,1.46,1.74,2.48,9415.29,1
"mu[223]",1.5,0,0.44,0.72,1.21,1.46,1.74,2.48,9415.29,1
"mu[224]",0.55,0,0.3,0.14,0.34,0.5,0.7,1.25,7732.63,1
"mu[225]",0.03,0,0.06,0,0,0,0.03,0.18,6953.77,1
"mu[226]",0.03,0,0.06,0,0,0,0.03,0.18,6953.77,1
"mu[227]",0.12,0,0.1,0,0.05,0.1,0.18,0.39,6629.08,1
"mu[228]",0.12,0,0.1,0,0.05,0.1,0.18,0.39,6629.08,1
"mu[229]",0.51,0,0.25,0.09,0.33,0.49,0.66,1.04,9642.6,1
"mu[230]",0.51,0,0.25,0.09,0.33,0.49,0.66,1.04,9642.6,1
"mu[231]",1.01,0,0.37,0.32,0.76,1,1.24,1.79,10175.16,1
"mu[232]",1.01,0,0.37,0.32,0.76,1,1.24,1.79,10175.16,1
"mu[233]",1.49,0,0.46,0.63,1.2,1.47,1.77,2.45,9214.29,1
"mu[234]",1.49,0,0.46,0.63,1.2,1.47,1.77,2.45,9214.29,1
"mu[235]",1.77,0.01,0.5,0.85,1.44,1.73,2.06,2.86,8099.18,1
"mu[236]",1.77,0.01,0.5,0.85,1.44,1.73,2.06,2.86,8099.18,1
"mu[237]",1.62,0.01,0.47,0.76,1.3,1.58,1.89,2.67,8539.79,1
"mu[238]",1.62,0.01,0.47,0.76,1.3,1.58,1.89,2.67,8539.79,1
"mu[239]",0.95,0,0.35,0.35,0.72,0.93,1.15,1.72,9673.03,1
"mu[240]",0.95,0,0.35,0.35,0.72,0.93,1.15,1.72,9673.03,1
"mu[241]",0.11,0,0.13,0,0.01,0.07,0.16,0.45,7655.62,1
"mu[242]",0.11,0,0.13,0,0.01,0.07,0.16,0.45,7655.62,1
"theta[1]",0.79,0,0.17,0.35,0.7,0.83,0.92,0.98,3028.81,1
"theta[2]",0.79,0,0.17,0.35,0.7,0.83,0.92,0.98,3028.81,1
"theta[3]",0.82,0,0.14,0.46,0.75,0.85,0.92,0.98,4019.21,1
"theta[4]",0.82,0,0.14,0.46,0.75,0.85,0.92,0.98,4019.21,1
"theta[5]",0.86,0,0.11,0.58,0.8,0.88,0.94,0.99,8588.8,1
"theta[6]",0.86,0,0.11,0.58,0.8,0.88,0.94,0.99,8588.8,1
"theta[7]",0.88,0,0.11,0.61,0.82,0.9,0.96,1,11283.22,1
"theta[8]",0.88,0,0.11,0.61,0.82,0.9,0.96,1,11283.22,1
"theta[9]",0.88,0,0.13,0.54,0.82,0.92,0.98,1,9162.7,1
"theta[10]",0.88,0,0.13,0.54,0.82,0.92,0.98,1,9162.7,1
"theta[11]",0.88,0,0.13,0.54,0.82,0.92,0.98,1,9193.52,1
"theta[12]",0.88,0,0.13,0.54,0.82,0.92,0.98,1,9193.52,1
"theta[13]",0.87,0,0.11,0.6,0.81,0.89,0.96,1,11322.69,1
"theta[14]",0.87,0,0.11,0.6,0.81,0.89,0.96,1,11322.69,1
"theta[15]",0.79,0,0.16,0.37,0.71,0.84,0.92,0.98,3219.7,1
"theta[16]",0.79,0,0.16,0.37,0.71,0.84,0.92,0.98,3219.7,1
"theta[17]",0.77,0,0.16,0.38,0.67,0.81,0.9,0.98,3459.91,1
"theta[18]",0.77,0,0.16,0.38,0.67,0.81,0.9,0.98,3459.91,1
"theta[19]",0.79,0,0.15,0.44,0.69,0.82,0.91,0.99,6685.72,1
"theta[20]",0.8,0,0.16,0.43,0.71,0.84,0.93,0.99,10373.85,1
"theta[21]",0.81,0,0.17,0.39,0.71,0.86,0.95,1,8692.01,1
"theta[22]",0.81,0,0.17,0.39,0.71,0.86,0.95,1,8692.01,1
"theta[23]",0.82,0,0.17,0.39,0.72,0.87,0.96,1,7920.16,1
"theta[24]",0.82,0,0.17,0.39,0.72,0.87,0.96,1,7920.16,1
"theta[25]",0.83,0,0.15,0.46,0.73,0.87,0.96,1,8867.58,1
"theta[26]",0.83,0,0.15,0.46,0.73,0.87,0.96,1,8867.58,1
"theta[27]",0.82,0,0.14,0.5,0.74,0.85,0.93,0.99,7583.23,1
"theta[28]",0.82,0,0.14,0.5,0.74,0.85,0.93,0.99,7583.23,1
"theta[29]",0.77,0,0.17,0.37,0.67,0.81,0.9,0.98,3094.97,1
"theta[30]",0.77,0,0.17,0.37,0.67,0.81,0.9,0.98,3094.97,1
"theta[31]",0.88,0,0.1,0.61,0.84,0.91,0.96,0.99,4906.59,1
"theta[32]",0.88,0,0.1,0.61,0.84,0.91,0.96,0.99,4906.59,1
"theta[33]",0.94,0,0.06,0.77,0.92,0.96,0.98,1,12088.16,1
"theta[34]",0.94,0,0.06,0.77,0.92,0.96,0.98,1,12088.16,1
"theta[35]",0.96,0,0.06,0.8,0.95,0.98,0.99,1,13378.19,1
"theta[36]",0.96,0,0.06,0.8,0.95,0.98,0.99,1,13378.19,1
"theta[37]",0.96,0,0.06,0.8,0.96,0.98,1,1,11384.56,1
"theta[38]",0.96,0,0.06,0.8,0.96,0.98,1,1,11384.56,1
"theta[39]",0.96,0,0.06,0.8,0.95,0.98,1,1,12187.64,1
"theta[40]",0.96,0,0.06,0.8,0.95,0.98,1,1,12187.64,1
"theta[41]",0.95,0,0.06,0.78,0.93,0.97,0.99,1,14237.05,1
"theta[42]",0.95,0,0.06,0.78,0.93,0.97,0.99,1,14237.05,1
"theta[43]",0.9,0,0.09,0.66,0.87,0.93,0.97,0.99,6415.93,1
"theta[44]",0.82,0,0.15,0.43,0.75,0.87,0.94,0.99,2895.17,1
"theta[45]",0.82,0,0.15,0.43,0.75,0.87,0.94,0.99,2895.17,1
"theta[46]",0.77,0,0.17,0.36,0.68,0.81,0.9,0.98,2752.38,1
"theta[47]",0.77,0,0.14,0.45,0.68,0.79,0.88,0.97,4510.08,1
"theta[48]",0.77,0,0.14,0.45,0.68,0.79,0.88,0.97,4510.08,1
"theta[49]",0.74,0,0.15,0.43,0.64,0.75,0.85,0.99,7636.34,1
"theta[50]",0.69,0,0.19,0.3,0.55,0.7,0.84,1,5443.42,1
"theta[51]",0.69,0,0.19,0.3,0.55,0.7,0.84,1,5443.42,1
"theta[52]",0.67,0,0.22,0.23,0.51,0.68,0.84,1,4216.23,1
"theta[53]",0.67,0,0.22,0.23,0.51,0.68,0.84,1,4216.23,1
"theta[54]",0.7,0,0.18,0.32,0.57,0.7,0.83,1,5375.32,1
"theta[55]",0.7,0,0.18,0.32,0.57,0.7,0.83,1,5375.32,1
"theta[56]",0.76,0,0.14,0.46,0.67,0.77,0.86,0.98,5996.15,1
"theta[57]",0.76,0,0.14,0.46,0.67,0.77,0.86,0.98,5996.15,1
"theta[58]",0.77,0,0.17,0.34,0.67,0.81,0.91,0.98,2588.12,1
"theta[59]",0.77,0,0.17,0.34,0.67,0.81,0.91,0.98,2588.12,1
"theta[60]",0.8,0,0.17,0.35,0.71,0.85,0.93,0.99,3701.77,1
"theta[61]",0.88,0,0.13,0.54,0.82,0.92,0.97,1,8792.18,1
"theta[62]",0.92,0,0.12,0.55,0.89,0.97,0.99,1,10952.17,1
"theta[63]",0.92,0,0.12,0.55,0.89,0.97,0.99,1,10952.17,1
"theta[64]",0.91,0,0.12,0.54,0.88,0.96,0.99,1,11407.47,1
"theta[65]",0.88,0,0.13,0.54,0.83,0.93,0.97,1,11291.8,1
"theta[66]",0.8,0,0.17,0.37,0.72,0.85,0.93,0.99,4118.52,1
"theta[67]",0.75,0,0.2,0.25,0.64,0.81,0.91,0.98,2790.75,1
"theta[68]",0.75,0,0.2,0.25,0.64,0.81,0.91,0.98,2790.75,1
"theta[69]",0.81,0,0.16,0.4,0.73,0.85,0.93,0.98,2967.8,1
"theta[70]",0.87,0,0.11,0.58,0.82,0.9,0.96,0.99,7062.53,1
"theta[71]",0.87,0,0.11,0.58,0.82,0.9,0.96,0.99,7062.53,1
"theta[72]",0.91,0,0.09,0.66,0.88,0.94,0.98,1,13673.68,1
"theta[73]",0.91,0,0.09,0.66,0.88,0.94,0.98,1,13673.68,1
"theta[74]",0.93,0,0.09,0.67,0.9,0.96,0.99,1,13097.8,1
"theta[75]",0.93,0,0.09,0.67,0.9,0.96,0.99,1,13097.8,1
"theta[76]",0.93,0,0.09,0.66,0.9,0.96,0.99,1,12679.4,1
"theta[77]",0.93,0,0.09,0.66,0.9,0.96,0.99,1,12679.4,1
"theta[78]",0.91,0,0.09,0.66,0.88,0.95,0.98,1,14035.29,1
"theta[79]",0.87,0,0.12,0.55,0.81,0.9,0.95,0.99,6431.76,1
"theta[80]",0.87,0,0.12,0.55,0.81,0.9,0.95,0.99,6431.76,1
"theta[81]",0.78,0,0.18,0.34,0.69,0.83,0.92,0.98,2635.39,1
"theta[82]",0.78,0,0.18,0.34,0.69,0.83,0.92,0.98,2635.39,1
"theta[83]",0.9,0,0.1,0.64,0.86,0.93,0.97,0.99,5002.24,1
"theta[84]",0.9,0,0.1,0.64,0.86,0.93,0.97,0.99,5002.24,1
"theta[85]",0.96,0,0.05,0.82,0.94,0.98,0.99,1,14288.77,1
"theta[86]",0.96,0,0.05,0.82,0.94,0.98,0.99,1,14288.77,1
"theta[87]",0.97,0,0.04,0.85,0.97,0.99,1,1,11517.06,1
"theta[88]",0.97,0,0.04,0.85,0.97,0.99,1,1,11517.06,1
"theta[89]",0.97,0,0.04,0.85,0.97,0.99,1,1,10130.11,1
"theta[90]",0.97,0,0.04,0.85,0.97,0.99,1,1,10130.11,1
"theta[91]",0.97,0,0.04,0.84,0.96,0.99,1,1,13993.01,1
"theta[92]",0.97,0,0.04,0.84,0.96,0.99,1,1,13993.01,1
"theta[93]",0.94,0,0.06,0.78,0.92,0.96,0.98,1,10908.34,1
"theta[94]",0.94,0,0.06,0.78,0.92,0.96,0.98,1,10908.34,1
"theta[95]",0.87,0,0.12,0.55,0.82,0.9,0.95,0.99,3564.96,1
"theta[96]",0.87,0,0.12,0.55,0.82,0.9,0.95,0.99,3564.96,1
"theta[97]",0.81,0,0.17,0.38,0.72,0.86,0.93,0.99,2622.84,1
"theta[98]",0.81,0,0.17,0.38,0.72,0.86,0.93,0.99,2622.84,1
"theta[99]",0.78,0,0.17,0.33,0.69,0.83,0.92,0.98,2831.07,1
"theta[100]",0.81,0,0.15,0.41,0.73,0.85,0.92,0.98,3479.28,1
"theta[101]",0.85,0,0.12,0.53,0.78,0.88,0.94,0.99,6054.3,1
"theta[102]",0.88,0,0.11,0.59,0.82,0.91,0.96,1,12363.6,1
"theta[103]",0.88,0,0.11,0.59,0.82,0.91,0.96,1,12363.6,1
"theta[104]",0.89,0,0.12,0.57,0.84,0.93,0.97,1,12586.58,1
"theta[105]",0.89,0,0.12,0.57,0.84,0.93,0.97,1,12586.58,1
"theta[106]",0.88,0,0.12,0.55,0.83,0.92,0.97,1,13742.44,1
"theta[107]",0.88,0,0.12,0.55,0.83,0.92,0.97,1,13742.44,1
"theta[108]",0.78,0,0.17,0.33,0.69,0.83,0.92,0.98,2883.33,1
"theta[109]",0.78,0,0.17,0.33,0.69,0.83,0.92,0.98,2883.33,1
"theta[110]",0.81,0,0.14,0.46,0.74,0.85,0.92,0.98,3421.21,1
"theta[111]",0.81,0,0.14,0.46,0.74,0.85,0.92,0.98,3421.21,1
"theta[112]",0.86,0,0.11,0.58,0.8,0.89,0.95,0.99,8892.56,1
"theta[113]",0.86,0,0.11,0.58,0.8,0.89,0.95,0.99,8892.56,1
"theta[114]",0.87,0,0.12,0.56,0.81,0.91,0.97,1,9814.69,1
"theta[115]",0.87,0,0.12,0.56,0.81,0.91,0.97,1,9814.69,1
"theta[116]",0.87,0,0.14,0.5,0.81,0.92,0.98,1,7828.01,1
"theta[117]",0.87,0,0.14,0.5,0.81,0.92,0.98,1,7828.01,1
"theta[118]",0.87,0,0.13,0.53,0.81,0.91,0.97,1,8961.16,1
"theta[119]",0.87,0,0.13,0.53,0.81,0.91,0.97,1,8961.16,1
"theta[120]",0.86,0,0.11,0.58,0.8,0.89,0.95,1,10546.73,1
"theta[121]",0.86,0,0.11,0.58,0.8,0.89,0.95,1,10546.73,1
"theta[122]",0.82,0,0.14,0.47,0.75,0.86,0.93,0.98,4026.65,1
"theta[123]",0.78,0,0.17,0.34,0.69,0.83,0.92,0.98,2594.21,1
"theta[124]",0.78,0,0.17,0.34,0.69,0.83,0.92,0.98,2594.21,1
"theta[125]",0.84,0,0.14,0.46,0.78,0.89,0.95,0.99,3018.48,1
"theta[126]",0.84,0,0.14,0.46,0.78,0.89,0.95,0.99,3018.48,1
"theta[127]",0.93,0,0.08,0.72,0.9,0.95,0.98,1,7214.12,1
"theta[128]",0.93,0,0.08,0.72,0.9,0.95,0.98,1,7214.12,1
"theta[129]",0.96,0,0.05,0.82,0.95,0.98,0.99,1,12273.85,1
"theta[130]",0.96,0,0.05,0.82,0.95,0.98,0.99,1,12273.85,1
"theta[131]",0.97,0,0.04,0.84,0.97,0.99,1,1,9838.18,1
"theta[132]",0.97,0,0.04,0.84,0.97,0.99,1,1,9838.18,1
"theta[133]",0.98,0,0.04,0.84,0.97,0.99,1,1,9486.6,1
"theta[134]",0.98,0,0.04,0.84,0.97,0.99,1,1,9486.6,1
"theta[135]",0.97,0,0.05,0.83,0.96,0.99,1,1,11715.51,1
"theta[136]",0.97,0,0.05,0.83,0.96,0.99,1,1,11715.51,1
"theta[137]",0.93,0,0.07,0.74,0.91,0.96,0.98,1,8773.66,1
"theta[138]",0.93,0,0.07,0.74,0.91,0.96,0.98,1,8773.66,1
"theta[139]",0.81,0,0.16,0.39,0.73,0.86,0.94,0.99,2635.24,1
"theta[140]",0.81,0,0.16,0.39,0.73,0.86,0.94,0.99,2635.24,1
"theta[141]",0.9,0,0.09,0.65,0.87,0.93,0.97,0.99,5698.29,1
"theta[142]",0.9,0,0.09,0.65,0.87,0.93,0.97,0.99,5698.29,1
"theta[143]",0.95,0,0.06,0.77,0.94,0.98,0.99,1,10327.95,1
"theta[144]",0.97,0,0.06,0.78,0.96,0.99,1,1,8946.26,1
"theta[145]",0.97,0,0.06,0.78,0.96,0.99,1,1,8946.26,1
"theta[146]",0.96,0,0.06,0.79,0.95,0.98,0.99,1,11297.19,1
"theta[147]",0.96,0,0.06,0.79,0.95,0.98,0.99,1,11297.19,1
"theta[148]",0.93,0,0.07,0.72,0.9,0.95,0.98,1,9114.64,1
"theta[149]",0.93,0,0.07,0.72,0.9,0.95,0.98,1,9114.64,1
"theta[150]",0.85,0,0.13,0.51,0.8,0.89,0.95,0.99,3335.38,1
"theta[151]",0.85,0,0.13,0.51,0.8,0.89,0.95,0.99,3335.38,1
"theta[152]",0.81,0,0.16,0.38,0.73,0.86,0.93,0.98,2643.17,1
"theta[153]",0.81,0,0.16,0.38,0.73,0.86,0.93,0.98,2643.17,1
"theta[154]",0.81,0,0.15,0.42,0.73,0.85,0.93,0.98,3638.84,1
"theta[155]",0.81,0,0.15,0.42,0.73,0.85,0.93,0.98,3638.84,1
"theta[156]",0.87,0,0.12,0.57,0.81,0.9,0.96,0.99,9756.13,1
"theta[157]",0.89,0,0.11,0.6,0.84,0.93,0.98,1,14329.93,1
"theta[158]",0.9,0,0.12,0.57,0.85,0.94,0.98,1,13633.12,1
"theta[159]",0.9,0,0.12,0.57,0.85,0.94,0.98,1,13633.12,1
"theta[160]",0.89,0,0.12,0.58,0.85,0.94,0.98,1,13870,1
"theta[161]",0.89,0,0.12,0.58,0.85,0.94,0.98,1,13870,1
"theta[162]",0.87,0,0.12,0.57,0.81,0.9,0.96,1,12272,1
"theta[163]",0.87,0,0.12,0.57,0.81,0.9,0.96,1,12272,1
"theta[164]",0.77,0,0.18,0.33,0.68,0.82,0.91,0.98,2806.6,1
"theta[165]",0.77,0,0.18,0.33,0.68,0.82,0.91,0.98,2806.6,1
"theta[166]",0.84,0,0.14,0.48,0.78,0.88,0.94,0.99,3382.85,1
"theta[167]",0.84,0,0.14,0.48,0.78,0.88,0.94,0.99,3382.85,1
"theta[168]",0.9,0,0.09,0.66,0.86,0.93,0.96,0.99,6924.59,1
"theta[169]",0.94,0,0.07,0.75,0.91,0.96,0.99,1,13870.19,1
"theta[170]",0.94,0,0.07,0.75,0.91,0.96,0.99,1,13870.19,1
"theta[171]",0.95,0,0.07,0.77,0.94,0.98,0.99,1,11759.65,1
"theta[172]",0.95,0,0.07,0.77,0.94,0.98,0.99,1,11759.65,1
"theta[173]",0.96,0,0.07,0.75,0.95,0.99,1,1,9658.73,1
"theta[174]",0.96,0,0.07,0.75,0.95,0.99,1,1,9658.73,1
"theta[175]",0.96,0,0.07,0.76,0.94,0.98,1,1,9911.69,1
"theta[176]",0.96,0,0.07,0.76,0.94,0.98,1,1,9911.69,1
"theta[177]",0.94,0,0.07,0.76,0.92,0.97,0.99,1,13461.11,1
"theta[178]",0.94,0,0.07,0.76,0.92,0.97,0.99,1,13461.11,1
"theta[179]",0.87,0,0.11,0.56,0.82,0.9,0.95,0.99,4752.35,1
"theta[180]",0.87,0,0.11,0.56,0.82,0.9,0.95,0.99,4752.35,1
"theta[181]",0.77,0,0.17,0.34,0.68,0.81,0.9,0.98,2615.67,1
"theta[182]",0.77,0,0.17,0.34,0.68,0.81,0.9,0.98,2615.67,1
"theta[183]",0.79,0,0.15,0.41,0.71,0.83,0.91,0.98,3449.62,1
"theta[184]",0.83,0,0.13,0.51,0.76,0.86,0.94,0.99,13174.97,1
"theta[185]",0.83,0,0.13,0.51,0.76,0.86,0.94,0.99,13174.97,1
"theta[186]",0.83,0,0.16,0.43,0.75,0.88,0.95,1,11507.01,1
"theta[187]",0.83,0,0.16,0.43,0.75,0.88,0.95,1,11507.01,1
"theta[188]",0.83,0,0.15,0.43,0.75,0.87,0.94,1,12712.01,1
"theta[189]",0.81,0,0.14,0.47,0.73,0.84,0.91,0.98,5931.88,1
"theta[190]",0.77,0,0.17,0.33,0.68,0.81,0.9,0.98,2520.73,1
"theta[191]",0.77,0,0.17,0.33,0.68,0.81,0.9,0.98,2520.73,1
"theta[192]",0.94,0,0.07,0.76,0.92,0.96,0.98,1,10294.14,1
"theta[193]",0.96,0,0.05,0.81,0.95,0.98,0.99,1,12036.01,1
"theta[194]",0.97,0,0.05,0.82,0.96,0.99,1,1,10816.62,1
"theta[195]",0.97,0,0.05,0.82,0.96,0.99,1,1,10816.62,1
"theta[196]",0.97,0,0.05,0.82,0.96,0.99,1,1,11213.69,1
"theta[197]",0.97,0,0.05,0.82,0.96,0.99,1,1,11213.69,1
"theta[198]",0.96,0,0.05,0.81,0.94,0.97,0.99,1,13380.31,1
"theta[199]",0.96,0,0.05,0.81,0.94,0.97,0.99,1,13380.31,1
"theta[200]",0.83,0,0.15,0.44,0.76,0.88,0.94,0.99,3048.12,1
"theta[201]",0.83,0,0.15,0.44,0.76,0.88,0.94,0.99,3048.12,1
"theta[202]",0.84,0,0.14,0.48,0.77,0.88,0.94,0.99,3359.7,1
"theta[203]",0.84,0,0.14,0.48,0.77,0.88,0.94,0.99,3359.7,1
"theta[204]",0.9,0,0.09,0.65,0.86,0.93,0.96,0.99,7126.62,1
"theta[205]",0.9,0,0.09,0.65,0.86,0.93,0.96,0.99,7126.62,1
"theta[206]",0.93,0,0.07,0.74,0.9,0.96,0.98,1,13874.33,1
"theta[207]",0.93,0,0.07,0.74,0.9,0.96,0.98,1,13874.33,1
"theta[208]",0.94,0,0.07,0.74,0.92,0.97,0.99,1,12843.15,1
"theta[209]",0.94,0,0.07,0.74,0.92,0.97,0.99,1,12843.15,1
"theta[210]",0.94,0,0.07,0.74,0.93,0.97,0.99,1,12915.84,1
"theta[211]",0.94,0,0.07,0.74,0.93,0.97,0.99,1,12915.84,1
"theta[212]",0.93,0,0.08,0.72,0.9,0.96,0.98,1,14205.29,1
"theta[213]",0.93,0,0.08,0.72,0.9,0.96,0.98,1,14205.29,1
"theta[214]",0.88,0,0.11,0.59,0.84,0.91,0.96,0.99,5454.32,1
"theta[215]",0.81,0,0.16,0.4,0.74,0.86,0.93,0.98,2906.28,1
"theta[216]",0.76,0,0.17,0.35,0.67,0.8,0.9,0.98,3366.05,1
"theta[217]",0.79,0,0.14,0.46,0.7,0.81,0.9,0.99,8092.3,1
"theta[218]",0.78,0,0.17,0.4,0.68,0.81,0.92,1,9141.25,1
"theta[219]",0.78,0,0.17,0.4,0.68,0.81,0.92,1,9141.25,1
"theta[220]",0.77,0,0.2,0.31,0.65,0.82,0.94,1,6292.87,1
"theta[221]",0.77,0,0.2,0.31,0.65,0.82,0.94,1,6292.87,1
"theta[222]",0.8,0,0.15,0.45,0.7,0.82,0.92,1,9641.58,1
"theta[223]",0.8,0,0.15,0.45,0.7,0.82,0.92,1,9641.58,1
"theta[224]",0.78,0,0.15,0.41,0.69,0.82,0.9,0.98,4514.5,1
"theta[225]",0.75,0,0.19,0.3,0.64,0.8,0.9,0.98,2799.54,1
"theta[226]",0.75,0,0.19,0.3,0.64,0.8,0.9,0.98,2799.54,1
"theta[227]",0.81,0,0.16,0.4,0.72,0.85,0.93,0.98,3030.78,1
"theta[228]",0.81,0,0.16,0.4,0.72,0.85,0.93,0.98,3030.78,1
"theta[229]",0.86,0,0.12,0.54,0.8,0.89,0.95,0.99,4703.48,1
"theta[230]",0.86,0,0.12,0.54,0.8,0.89,0.95,0.99,4703.48,1
"theta[231]",0.9,0,0.09,0.66,0.86,0.93,0.97,1,10312.49,1
"theta[232]",0.9,0,0.09,0.66,0.86,0.93,0.97,1,10312.49,1
"theta[233]",0.92,0,0.09,0.68,0.89,0.95,0.98,1,12951.49,1
"theta[234]",0.92,0,0.09,0.68,0.89,0.95,0.98,1,12951.49,1
"theta[235]",0.93,0,0.09,0.67,0.9,0.96,0.99,1,11936.39,1
"theta[236]",0.93,0,0.09,0.67,0.9,0.96,0.99,1,11936.39,1
"theta[237]",0.93,0,0.09,0.67,0.9,0.96,0.99,1,12684.78,1
"theta[238]",0.93,0,0.09,0.67,0.9,0.96,0.99,1,12684.78,1
"theta[239]",0.9,0,0.1,0.64,0.85,0.93,0.97,1,9373.71,1
"theta[240]",0.9,0,0.1,0.64,0.85,0.93,0.97,1,9373.71,1
"theta[241]",0.8,0,0.16,0.39,0.72,0.85,0.93,0.99,3007.62,1
"theta[242]",0.8,0,0.16,0.39,0.72,0.85,0.93,0.99,3007.62,1
"log_lik[1]",0.14,0,0.22,-0.28,-0.01,0.13,0.28,0.58,5539.58,1
"log_lik[2]",0.14,0,0.22,-0.28,-0.01,0.13,0.28,0.58,5539.58,1
"log_lik[3]",-0.35,0,0.27,-0.99,-0.5,-0.31,-0.17,0.07,9934.36,1
"log_lik[4]",-0.35,0,0.27,-0.99,-0.5,-0.31,-0.17,0.07,9934.36,1
"log_lik[5]",-0.64,0,0.3,-1.31,-0.81,-0.61,-0.44,-0.12,5674.2,1
"log_lik[6]",-2.36,0.01,1.07,-5.06,-2.89,-2.12,-1.59,-1,15415.28,1
"log_lik[7]",-1.03,0,0.32,-1.74,-1.2,-1,-0.82,-0.49,6505.37,1
"log_lik[8]",-1.7,0.01,0.55,-2.93,-2.04,-1.64,-1.31,-0.78,12117.71,1
"log_lik[9]",-1.82,0.01,0.69,-3.53,-2.15,-1.69,-1.34,-0.9,10274.83,1
"log_lik[10]",-1.11,0,0.34,-1.91,-1.29,-1.07,-0.89,-0.57,10761.48,1
"log_lik[11]",-2.01,0.01,0.76,-3.65,-2.48,-1.94,-1.47,-0.73,10005.15,1
"log_lik[12]",-1.13,0,0.35,-1.99,-1.31,-1.08,-0.9,-0.58,10923.64,1
"log_lik[13]",-1.29,0.01,0.51,-2.57,-1.52,-1.19,-0.95,-0.59,9519.96,1
"log_lik[14]",-1.29,0.01,0.51,-2.57,-1.52,-1.19,-0.95,-0.59,9519.96,1
"log_lik[15]",0.04,0,0.28,-0.54,-0.12,0.04,0.22,0.56,6377.16,1
"log_lik[16]",0.04,0,0.28,-0.54,-0.12,0.04,0.22,0.56,6377.16,1
"log_lik[17]",-3.73,0.01,1.35,-6.96,-4.43,-3.48,-2.76,-1.75,11927.83,1
"log_lik[18]",-0.5,0,0.22,-1.01,-0.64,-0.48,-0.34,-0.15,6332.55,1
"log_lik[19]",-0.79,0,0.33,-1.55,-0.98,-0.75,-0.55,-0.27,6854.34,1
"log_lik[20]",-1.87,0.01,0.51,-3.11,-2.13,-1.79,-1.52,-1.14,9515.19,1
"log_lik[21]",-1.22,0,0.47,-2.27,-1.51,-1.17,-0.88,-0.43,11870.4,1
"log_lik[22]",-1.22,0,0.47,-2.27,-1.51,-1.17,-0.88,-0.43,11870.4,1
"log_lik[23]",-1.76,0,0.4,-2.73,-1.96,-1.69,-1.49,-1.17,11985.54,1
"log_lik[24]",-1.76,0,0.4,-2.73,-1.96,-1.69,-1.49,-1.17,11985.54,1
"log_lik[25]",-1.27,0,0.44,-2.21,-1.56,-1.24,-0.95,-0.51,11150.48,1
"log_lik[26]",-1.67,0,0.33,-2.41,-1.86,-1.63,-1.43,-1.11,10216.86,1
"log_lik[27]",-1.89,0,0.47,-3.05,-2.13,-1.81,-1.57,-1.2,10155.75,1
"log_lik[28]",-1.89,0,0.47,-3.05,-2.13,-1.81,-1.57,-1.2,10155.75,1
"log_lik[29]",-0.37,0,0.24,-0.86,-0.52,-0.36,-0.22,0.07,6235.48,1
"log_lik[30]",-0.37,0,0.24,-0.86,-0.52,-0.36,-0.22,0.07,6235.48,1
"log_lik[31]",-0.68,0,0.25,-1.25,-0.83,-0.65,-0.5,-0.26,7671.23,1
"log_lik[32]",-3.2,0.01,1.13,-5.94,-3.79,-3,-2.38,-1.59,10170.22,1
"log_lik[33]",-1.32,0,0.34,-2.14,-1.49,-1.27,-1.09,-0.8,6774.15,1
"log_lik[34]",-1.32,0,0.34,-2.14,-1.49,-1.27,-1.09,-0.8,6774.15,1
"log_lik[35]",-1.24,0,0.26,-1.79,-1.4,-1.22,-1.06,-0.78,6727.69,1
"log_lik[36]",-1.24,0,0.26,-1.79,-1.4,-1.22,-1.06,-0.78,6727.69,1
"log_lik[37]",-1.67,0,0.34,-2.42,-1.87,-1.64,-1.44,-1.11,15773.68,1
"log_lik[38]",-1.33,0,0.27,-1.92,-1.5,-1.31,-1.14,-0.85,8329.28,1
"log_lik[39]",-1.59,0,0.34,-2.34,-1.8,-1.56,-1.35,-1.02,16122.63,1
"log_lik[40]",-1.3,0,0.28,-1.89,-1.46,-1.27,-1.1,-0.82,7897.78,1
"log_lik[41]",-1.25,0,0.31,-1.96,-1.42,-1.22,-1.04,-0.76,6554.39,1
"log_lik[42]",-1.71,0,0.51,-2.84,-2.01,-1.66,-1.35,-0.87,10861.31,1
"log_lik[43]",-2.42,0.01,1.1,-5.22,-2.96,-2.15,-1.61,-1.07,13202.89,1
"log_lik[44]",-0.16,0,0.22,-0.64,-0.29,-0.14,-0.01,0.22,7023.77,1
"log_lik[45]",-0.16,0,0.22,-0.64,-0.29,-0.14,-0.01,0.22,7023.77,1
"log_lik[46]",-0.21,0,0.29,-0.87,-0.37,-0.19,-0.03,0.31,6477.98,1
"log_lik[47]",-2.05,0.01,0.94,-4.48,-2.49,-1.84,-1.41,-0.83,12836.03,1
"log_lik[48]",-0.98,0,0.39,-1.89,-1.21,-0.93,-0.7,-0.38,6299.47,1
"log_lik[49]",-1.34,0,0.37,-2.16,-1.55,-1.31,-1.08,-0.69,7582.01,1
"log_lik[50]",-2.11,0.01,0.54,-3.41,-2.38,-2.03,-1.74,-1.27,7709.93,1
"log_lik[51]",-1.94,0.01,0.59,-3.34,-2.26,-1.84,-1.51,-1.08,8487.91,1
"log_lik[52]",-1.2,0.01,0.67,-2.76,-1.6,-1.06,-0.68,-0.25,4640.25,1
"log_lik[53]",-1.2,0.01,0.67,-2.76,-1.6,-1.06,-0.68,-0.25,4640.25,1
"log_lik[54]",-1.2,0.01,0.55,-2.5,-1.52,-1.1,-0.79,-0.37,6184.27,1
"log_lik[55]",-1.8,0.01,0.56,-3.17,-2.09,-1.7,-1.4,-0.97,8642.13,1
"log_lik[56]",-1.44,0.01,0.52,-2.71,-1.7,-1.37,-1.09,-0.64,5900.13,1
"log_lik[57]",-1.44,0.01,0.52,-2.71,-1.7,-1.37,-1.09,-0.64,5900.13,1
"log_lik[58]",0.02,0,0.3,-0.57,-0.17,0.02,0.22,0.6,4705.27,1
"log_lik[59]",0.02,0,0.3,-0.57,-0.17,0.02,0.22,0.6,4705.27,1
"log_lik[60]",-0.35,0,0.36,-1.21,-0.53,-0.3,-0.11,0.2,7364.44,1
"log_lik[61]",-1.55,0.01,0.8,-3.66,-1.85,-1.36,-1.02,-0.61,10818.98,1
"log_lik[62]",-1.52,0,0.45,-2.56,-1.76,-1.45,-1.2,-0.83,12425.63,1
"log_lik[63]",-1.52,0,0.45,-2.56,-1.76,-1.45,-1.2,-0.83,12425.63,1
"log_lik[64]",-2.31,0.01,0.91,-4.71,-2.68,-2.08,-1.69,-1.21,11180.21,1
"log_lik[65]",-1.62,0.01,0.67,-3.17,-2.01,-1.53,-1.13,-0.59,12761.25,1
"log_lik[66]",-0.5,0.01,0.46,-1.62,-0.74,-0.42,-0.17,0.2,8280.06,1
"log_lik[67]",0.08,0,0.26,-0.49,-0.08,0.08,0.25,0.57,7340.38,1
"log_lik[68]",0.08,0,0.26,-0.49,-0.08,0.08,0.25,0.57,7340.38,1
"log_lik[69]",-0.26,0,0.22,-0.75,-0.38,-0.23,-0.1,0.12,7890.34,1
"log_lik[70]",-2.21,0.01,0.89,-4.46,-2.63,-2.02,-1.58,-1.05,14456.47,1
"log_lik[71]",-0.99,0,0.37,-1.86,-1.2,-0.95,-0.73,-0.41,12743.73,1
"log_lik[72]",-1.18,0,0.3,-1.86,-1.34,-1.15,-0.97,-0.68,8293.21,1
"log_lik[73]",-1.18,0,0.3,-1.86,-1.34,-1.15,-0.97,-0.68,8293.21,1
"log_lik[74]",-1.53,0,0.41,-2.5,-1.75,-1.47,-1.25,-0.91,14152.57,1
"log_lik[75]",-1.18,0,0.28,-1.8,-1.35,-1.16,-0.99,-0.69,9632.77,1
"log_lik[76]",-1.23,0,0.31,-1.94,-1.4,-1.19,-1.01,-0.71,10190.82,1
"log_lik[77]",-1.23,0,0.31,-1.94,-1.4,-1.19,-1.01,-0.71,10190.82,1
"log_lik[78]",-1.73,0,0.58,-3.02,-2.08,-1.68,-1.32,-0.77,14262.69,1
"log_lik[79]",-0.95,0,0.43,-1.95,-1.2,-0.9,-0.64,-0.29,11632.28,1
"log_lik[80]",-2.46,0.01,1.25,-5.62,-3.04,-2.15,-1.55,-0.97,13228.53,1
"log_lik[81]",-0.06,0,0.21,-0.51,-0.18,-0.04,0.08,0.33,9165.2,1
"log_lik[82]",-0.06,0,0.21,-0.51,-0.18,-0.04,0.08,0.33,9165.2,1
"log_lik[83]",-2.91,0.01,1.18,-5.83,-3.52,-2.69,-2.07,-1.27,11127,1
"log_lik[84]",-0.83,0,0.34,-1.64,-1.03,-0.78,-0.58,-0.29,8456.04,1
"log_lik[85]",-1.11,0,0.26,-1.69,-1.25,-1.08,-0.93,-0.68,7081.45,1
"log_lik[86]",-1.11,0,0.26,-1.69,-1.25,-1.08,-0.93,-0.68,7081.45,1
"log_lik[87]",-1.24,0,0.26,-1.8,-1.39,-1.22,-1.06,-0.8,11666.08,1
"log_lik[88]",-1.7,0,0.38,-2.56,-1.92,-1.65,-1.43,-1.07,12345.65,1
"log_lik[89]",-1.82,0,0.38,-2.67,-2.04,-1.77,-1.55,-1.19,12643.57,1
"log_lik[90]",-2,0,0.49,-3.28,-2.23,-1.89,-1.65,-1.34,9964.68,1
"log_lik[91]",-1.47,0,0.32,-2.17,-1.68,-1.45,-1.24,-0.93,15401.36,1
"log_lik[92]",-1.47,0,0.32,-2.17,-1.68,-1.45,-1.24,-0.93,15401.36,1
"log_lik[93]",-1.41,0,0.45,-2.59,-1.6,-1.32,-1.11,-0.82,12410.19,1
"log_lik[94]",-1.41,0,0.45,-2.59,-1.6,-1.32,-1.11,-0.82,12410.19,1
"log_lik[95]",-0.42,0,0.28,-1.09,-0.58,-0.38,-0.23,0,9450.13,1
"log_lik[96]",-0.42,0,0.28,-1.09,-0.58,-0.38,-0.23,0,9450.13,1
"log_lik[97]",0,0,0.19,-0.39,-0.11,0.01,0.13,0.34,8147.42,1
"log_lik[98]",0,0,0.19,-0.39,-0.11,0.01,0.13,0.34,8147.42,1
"log_lik[99]",0.27,0,0.28,-0.27,0.08,0.27,0.46,0.82,6117.09,1
"log_lik[100]",-0.08,0,0.36,-0.92,-0.28,-0.05,0.15,0.5,6650.49,1
"log_lik[101]",-0.88,0,0.47,-1.99,-1.15,-0.81,-0.53,-0.16,12322.55,1
"log_lik[102]",-1.65,0.01,0.85,-3.88,-2,-1.43,-1.07,-0.61,13347.68,1
"log_lik[103]",-0.68,0,0.41,-1.63,-0.9,-0.63,-0.4,-0.04,8876.63,1
"log_lik[104]",-1.24,0.01,0.58,-2.69,-1.5,-1.12,-0.84,-0.46,11878.76,1
"log_lik[105]",-0.92,0,0.37,-1.76,-1.13,-0.89,-0.67,-0.28,5997.06,1
"log_lik[106]",-1.89,0.01,0.81,-3.81,-2.35,-1.78,-1.31,-0.64,12644.88,1
"log_lik[107]",-1.13,0.01,0.59,-2.63,-1.37,-1.02,-0.75,-0.33,6844.86,1
"log_lik[108]",0.25,0,0.3,-0.34,0.06,0.25,0.44,0.82,6439.67,1
"log_lik[109]",0.25,0,0.3,-0.34,0.06,0.25,0.44,0.82,6439.67,1
"log_lik[110]",-0.33,0,0.25,-0.88,-0.47,-0.31,-0.16,0.11,6291.81,1
"log_lik[111]",-0.33,0,0.25,-0.88,-0.47,-0.31,-0.16,0.11,6291.81,1
"log_lik[112]",-1.63,0.01,0.56,-3.01,-1.91,-1.51,-1.23,-0.84,10813.86,1
"log_lik[113]",-1.63,0.01,0.56,-3.01,-1.91,-1.51,-1.23,-0.84,10813.86,1
"log_lik[114]",-1.13,0,0.29,-1.78,-1.3,-1.11,-0.93,-0.64,6265.41,1
"log_lik[115]",-1.13,0,0.29,-1.78,-1.3,-1.11,-0.93,-0.64,6265.41,1
"log_lik[116]",-1.84,0.01,0.68,-3.28,-2.27,-1.8,-1.35,-0.64,10038.54,1
"log_lik[117]",-1.76,0.01,0.59,-3.22,-2.04,-1.64,-1.35,-0.95,6562.41,1
"log_lik[118]",-1.75,0.01,0.62,-3.08,-2.14,-1.71,-1.31,-0.69,11238.51,1
"log_lik[119]",-1.58,0.01,0.54,-2.9,-1.85,-1.48,-1.21,-0.81,8321.22,1
"log_lik[120]",-1.41,0.01,0.51,-2.72,-1.63,-1.31,-1.08,-0.72,9437.17,1
"log_lik[121]",-1.41,0.01,0.51,-2.72,-1.63,-1.31,-1.08,-0.72,9437.17,1
"log_lik[122]",-0.51,0,0.34,-1.31,-0.69,-0.45,-0.27,0.01,10352.46,1
"log_lik[123]",0.07,0,0.22,-0.39,-0.07,0.06,0.21,0.51,4827.68,1
"log_lik[124]",0.07,0,0.22,-0.39,-0.07,0.06,0.21,0.51,4827.68,1
"log_lik[125]",-0.27,0,0.25,-0.83,-0.41,-0.24,-0.1,0.15,6806.89,1
"log_lik[126]",-0.27,0,0.25,-0.83,-0.41,-0.24,-0.1,0.15,6806.89,1
"log_lik[127]",-1.62,0,0.6,-3.09,-1.91,-1.49,-1.19,-0.81,14204.67,1
"log_lik[128]",-1.38,0,0.47,-2.46,-1.66,-1.33,-1.05,-0.64,12413.04,1
"log_lik[129]",-3.17,0.01,1.09,-5.8,-3.76,-2.96,-2.36,-1.67,16062.98,1
"log_lik[130]",-1.01,0,0.23,-1.51,-1.15,-0.99,-0.85,-0.61,8655.09,1
"log_lik[131]",-1.97,0,0.44,-3,-2.22,-1.91,-1.66,-1.27,14087.24,1
"log_lik[132]",-1.29,0,0.28,-1.92,-1.46,-1.27,-1.09,-0.81,12669.88,1
"log_lik[133]",-1.41,0,0.32,-2.12,-1.59,-1.37,-1.18,-0.87,14234.06,1
"log_lik[134]",-1.41,0,0.32,-2.12,-1.59,-1.37,-1.18,-0.87,14234.06,1
"log_lik[135]",-1.15,0,0.28,-1.79,-1.31,-1.12,-0.95,-0.69,12297.1,1
"log_lik[136]",-1.15,0,0.28,-1.79,-1.31,-1.12,-0.95,-0.69,12297.1,1
"log_lik[137]",-1.4,0.01,0.53,-2.75,-1.63,-1.27,-1.03,-0.71,11009.9,1
"log_lik[138]",-1.4,0.01,0.53,-2.75,-1.63,-1.27,-1.03,-0.71,11009.9,1
"log_lik[139]",-0.03,0,0.22,-0.51,-0.15,-0.02,0.11,0.36,7983.56,1
"log_lik[140]",-0.03,0,0.22,-0.51,-0.15,-0.02,0.11,0.36,7983.56,1
"log_lik[141]",-2.85,0.01,1.34,-6.12,-3.58,-2.6,-1.86,-0.99,13202.1,1
"log_lik[142]",-1.07,0.01,0.53,-2.37,-1.36,-0.98,-0.68,-0.32,8050.33,1
"log_lik[143]",-1.02,0.01,0.34,-1.82,-1.19,-0.98,-0.8,-0.5,4131.46,1
"log_lik[144]",-1.22,0,0.35,-2.02,-1.42,-1.18,-0.97,-0.65,8871.4,1
"log_lik[145]",-1.22,0,0.35,-2.02,-1.42,-1.18,-0.97,-0.65,8871.4,1
"log_lik[146]",-1.38,0,0.4,-2.28,-1.61,-1.34,-1.1,-0.74,13771.99,1
"log_lik[147]",-0.97,0,0.29,-1.63,-1.15,-0.95,-0.77,-0.48,5480.87,1
"log_lik[148]",-0.64,0,0.31,-1.33,-0.82,-0.61,-0.43,-0.13,5407.22,1
"log_lik[149]",-1.91,0.01,0.88,-4.25,-2.3,-1.68,-1.29,-0.86,14306.73,1
"log_lik[150]",-0.22,0,0.28,-0.86,-0.37,-0.19,-0.03,0.22,7260.35,1
"log_lik[151]",-0.22,0,0.28,-0.86,-0.37,-0.19,-0.03,0.22,7260.35,1
"log_lik[152]",0.14,0,0.23,-0.33,0,0.15,0.29,0.55,5354.05,1
"log_lik[153]",0.14,0,0.23,-0.33,0,0.15,0.29,0.55,5354.05,1
"log_lik[154]",-0.28,0,0.24,-0.83,-0.42,-0.25,-0.11,0.14,7884.7,1
"log_lik[155]",-0.28,0,0.24,-0.83,-0.42,-0.25,-0.11,0.14,7884.7,1
"log_lik[156]",-2.1,0.01,0.92,-4.42,-2.53,-1.9,-1.44,-0.94,13737.68,1
"log_lik[157]",-1.2,0,0.36,-2.06,-1.38,-1.15,-0.95,-0.64,6792.36,1
"log_lik[158]",-1.15,0,0.32,-1.88,-1.33,-1.12,-0.94,-0.63,7345.32,1
"log_lik[159]",-1.42,0,0.47,-2.57,-1.67,-1.35,-1.09,-0.73,13552.78,1
"log_lik[160]",-1.29,0,0.48,-2.44,-1.53,-1.22,-0.96,-0.59,12949.58,1
"log_lik[161]",-1.7,0.01,0.6,-3.05,-2.05,-1.64,-1.27,-0.71,12915.87,1
"log_lik[162]",-1.81,0.01,0.86,-4.09,-2.13,-1.57,-1.23,-0.82,12205.82,1
"log_lik[163]",-1.22,0,0.48,-2.31,-1.5,-1.16,-0.87,-0.46,12762.78,1
"log_lik[164]",0.03,0,0.23,-0.44,-0.1,0.04,0.18,0.46,8984.86,1
"log_lik[165]",0.03,0,0.23,-0.44,-0.1,0.04,0.18,0.46,8984.86,1
"log_lik[166]",-0.34,0,0.23,-0.85,-0.48,-0.32,-0.17,0.06,6329.02,1
"log_lik[167]",-0.34,0,0.23,-0.85,-0.48,-0.32,-0.17,0.06,6329.02,1
"log_lik[168]",-2.14,0.01,0.77,-4.05,-2.49,-1.97,-1.59,-1.12,14091.92,1
"log_lik[169]",-1.28,0,0.31,-1.94,-1.48,-1.26,-1.07,-0.76,5457.76,1
"log_lik[170]",-1.28,0,0.31,-1.94,-1.48,-1.26,-1.07,-0.76,5457.76,1
"log_lik[171]",-1.36,0,0.29,-1.97,-1.54,-1.34,-1.15,-0.85,6867.53,1
"log_lik[172]",-1.65,0,0.33,-2.38,-1.84,-1.62,-1.42,-1.11,13851.01,1
"log_lik[173]",-2.27,0.01,0.63,-3.68,-2.63,-2.23,-1.86,-1.15,8184.25,1
"log_lik[174]",-1.96,0,0.38,-2.89,-2.15,-1.9,-1.69,-1.37,6907.95,1
"log_lik[175]",-1.48,0,0.3,-2.14,-1.67,-1.46,-1.27,-0.96,9179.25,1
"log_lik[176]",-1.48,0,0.3,-2.14,-1.67,-1.46,-1.27,-0.96,9179.25,1
"log_lik[177]",-1.32,0,0.34,-2.11,-1.52,-1.28,-1.08,-0.77,5803.67,1
"log_lik[178]",-1.32,0,0.34,-2.11,-1.52,-1.28,-1.08,-0.77,5803.67,1
"log_lik[179]",-3.42,0.01,1.47,-7.05,-4.19,-3.18,-2.35,-1.36,10322.95,1
"log_lik[180]",-0.67,0,0.32,-1.44,-0.84,-0.62,-0.44,-0.18,10142.02,1
"log_lik[181]",0.47,0.01,0.35,-0.2,0.21,0.47,0.72,1.13,3259.72,1
"log_lik[182]",0.47,0.01,0.35,-0.2,0.21,0.47,0.72,1.13,3259.72,1
"log_lik[183]",-0.12,0.01,0.44,-1.14,-0.37,-0.07,0.18,0.6,6500.75,1
"log_lik[184]",-1.31,0.01,0.81,-3.46,-1.62,-1.13,-0.79,-0.29,12023.52,1
"log_lik[185]",-0.98,0.01,0.63,-2.5,-1.27,-0.87,-0.55,-0.09,12599.31,1
"log_lik[186]",-1.94,0.01,0.91,-4.02,-2.47,-1.82,-1.27,-0.54,12196.4,1
"log_lik[187]",-0.77,0.01,0.43,-1.74,-1.02,-0.74,-0.47,-0.02,5622.35,1
"log_lik[188]",-1,0.01,0.65,-2.62,-1.29,-0.9,-0.58,-0.05,6472.57,1
"log_lik[189]",-1.01,0.01,0.66,-2.49,-1.43,-0.94,-0.52,0.05,8533.27,1
"log_lik[190]",0.47,0.01,0.35,-0.2,0.23,0.47,0.72,1.14,3842.22,1
"log_lik[191]",0.47,0.01,0.35,-0.2,0.23,0.47,0.72,1.14,3842.22,1
"log_lik[192]",-1.83,0.01,1.03,-4.41,-2.29,-1.57,-1.09,-0.6,13579.65,1
"log_lik[193]",-0.84,0,0.33,-1.57,-1.02,-0.81,-0.61,-0.3,6684.6,1
"log_lik[194]",-1.76,0,0.57,-3.09,-2.08,-1.68,-1.36,-0.91,13531.28,1
"log_lik[195]",-1.76,0,0.57,-3.09,-2.08,-1.68,-1.36,-0.91,13531.28,1
"log_lik[196]",-0.85,0,0.31,-1.55,-1.04,-0.82,-0.63,-0.32,8204.75,1
"log_lik[197]",-0.85,0,0.31,-1.55,-1.04,-0.82,-0.63,-0.32,8204.75,1
"log_lik[198]",-1,0,0.42,-2.01,-1.2,-0.93,-0.72,-0.38,8636.29,1
"log_lik[199]",-1,0,0.42,-2.01,-1.2,-0.93,-0.72,-0.38,8636.29,1
"log_lik[200]",0.23,0,0.25,-0.31,0.07,0.24,0.41,0.7,7551.21,1
"log_lik[201]",0.23,0,0.25,-0.31,0.07,0.24,0.41,0.7,7551.21,1
"log_lik[202]",-0.16,0,0.21,-0.62,-0.28,-0.14,-0.01,0.22,7608.64,1
"log_lik[203]",-0.16,0,0.21,-0.62,-0.28,-0.14,-0.01,0.22,7608.64,1
"log_lik[204]",-2.76,0.01,1.23,-5.88,-3.38,-2.51,-1.86,-1.15,14357.36,1
"log_lik[205]",-0.97,0,0.39,-1.86,-1.2,-0.93,-0.69,-0.36,12878.52,1
"log_lik[206]",-1.19,0,0.38,-2.13,-1.37,-1.12,-0.94,-0.65,9169.91,1
"log_lik[207]",-0.9,0,0.29,-1.58,-1.07,-0.88,-0.7,-0.42,12311.45,1
"log_lik[208]",-1.26,0,0.36,-2.09,-1.46,-1.22,-1.02,-0.68,13203.05,1
"log_lik[209]",-1.26,0,0.36,-2.09,-1.46,-1.22,-1.02,-0.68,13203.05,1
"log_lik[210]",-1.02,0,0.26,-1.6,-1.17,-1,-0.84,-0.57,7073.46,1
"log_lik[211]",-1.02,0,0.26,-1.6,-1.17,-1,-0.84,-0.57,7073.46,1
"log_lik[212]",-1.24,0,0.44,-2.37,-1.42,-1.16,-0.96,-0.65,9867.45,1
"log_lik[213]",-1.68,0,0.55,-2.95,-2.01,-1.62,-1.28,-0.78,14164.62,1
"log_lik[214]",-0.89,0,0.43,-1.97,-1.1,-0.81,-0.59,-0.27,10829.37,1
"log_lik[215]",0.05,0,0.21,-0.39,-0.07,0.06,0.19,0.44,9479.21,1
"log_lik[216]",-0.29,0,0.36,-1.18,-0.46,-0.24,-0.07,0.31,6345.77,1
"log_lik[217]",-1.92,0.01,0.99,-4.39,-2.39,-1.68,-1.23,-0.62,10954.99,1
"log_lik[218]",-1.44,0.01,0.62,-2.9,-1.8,-1.36,-0.97,-0.47,10855.63,1
"log_lik[219]",-1.2,0.01,0.45,-2.21,-1.45,-1.16,-0.91,-0.44,7863.08,1
"log_lik[220]",-1.57,0.01,0.79,-3.35,-2.05,-1.48,-0.97,-0.36,6848.41,1
"log_lik[221]",-1.53,0.01,0.61,-3.11,-1.81,-1.4,-1.12,-0.68,9474.92,1
"log_lik[222]",-1.2,0.01,0.47,-2.28,-1.45,-1.15,-0.89,-0.4,6519.78,1
"log_lik[223]",-1.2,0.01,0.47,-2.28,-1.45,-1.15,-0.89,-0.4,6519.78,1
"log_lik[224]",-0.65,0,0.43,-1.67,-0.89,-0.59,-0.34,0.03,10879.21,1
"log_lik[225]",0.21,0,0.32,-0.4,-0.02,0.19,0.44,0.84,4440.59,1
"log_lik[226]",0.21,0,0.32,-0.4,-0.02,0.19,0.44,0.84,4440.59,1
"log_lik[227]",-0.22,0,0.18,-0.62,-0.33,-0.2,-0.09,0.1,7049.39,1
"log_lik[228]",-0.22,0,0.18,-0.62,-0.33,-0.2,-0.09,0.1,7049.39,1
"log_lik[229]",-0.69,0,0.28,-1.34,-0.86,-0.65,-0.48,-0.24,11616.99,1
"log_lik[230]",-3.08,0.01,1.24,-6.13,-3.74,-2.84,-2.18,-1.37,16188.32,1
"log_lik[231]",-1.24,0,0.4,-2.16,-1.48,-1.19,-0.95,-0.57,13268.3,1
"log_lik[232]",-1.55,0,0.5,-2.83,-1.76,-1.44,-1.21,-0.88,10217.11,1
"log_lik[233]",-1.3,0,0.33,-2.04,-1.49,-1.26,-1.06,-0.76,14423.6,1
"log_lik[234]",-1.49,0,0.39,-2.38,-1.71,-1.44,-1.21,-0.86,14964.67,1
"log_lik[235]",-1.28,0,0.28,-1.93,-1.44,-1.25,-1.08,-0.82,6113.04,1
"log_lik[236]",-1.49,0,0.37,-2.34,-1.7,-1.45,-1.23,-0.9,14727.93,1
"log_lik[237]",-1.74,0,0.51,-2.84,-2.05,-1.71,-1.39,-0.84,12100.27,1
"log_lik[238]",-1.26,0,0.28,-1.9,-1.41,-1.22,-1.07,-0.81,5811.4,1
"log_lik[239]",-1.65,0.01,0.53,-2.97,-1.9,-1.53,-1.28,-0.94,10666.38,1
"log_lik[240]",-1.65,0.01,0.53,-2.97,-1.9,-1.53,-1.28,-0.94,10666.38,1
"log_lik[241]",-0.2,0,0.22,-0.68,-0.33,-0.18,-0.06,0.18,7983.01,1
"log_lik[242]",-0.2,0,0.22,-0.68,-0.33,-0.18,-0.06,0.18,7983.01,1
"lp__",-289.35,0.21,10.61,-311.7,-296.24,-288.97,-282.13,-269.47,2647.89,1
